case,stage,timestamp
570,B,2018-01-01 02:42:25
540,B,2018-01-01 05:50:37
906,A,2018-01-01 12:43:39
655,C,2018-01-01 14:27:58
911,D,2018-01-02 17:59:59
686,E,2018-01-02 20:49:07
176,B,2018-01-03 00:54:24
870,F,2018-01-03 02:07:30
761,F,2018-01-03 06:15:08
753,F,2018-01-03 06:53:59
504,B,2018-01-04 15:01:49
495,B,2018-01-04 22:53:20
583,B,2018-01-05 00:56:58
366,B,2018-01-05 06:47:22
615,A,2018-01-05 08:15:46
177,B,2018-01-05 17:14:34
921,B,2018-01-06 17:06:31
64,B,2018-01-07 06:39:22
897,E,2018-01-07 06:44:29
714,B,2018-01-07 09:04:47
990,E,2018-01-07 10:56:02
572,B,2018-01-07 12:11:11
750,C,2018-01-07 17:44:54
100,B,2018-01-07 20:29:03
516,B,2018-01-07 22:02:17
411,B,2018-01-08 05:24:08
532,B,2018-01-08 13:48:28
13,B,2018-01-08 15:12:17
509,B,2018-01-08 19:22:19
278,B,2018-01-09 00:17:32
119,B,2018-01-09 08:24:03
54,B,2018-01-09 11:47:53
760,B,2018-01-10 09:44:19
136,B,2018-01-11 04:32:34
312,B,2018-01-11 12:58:34
970,C,2018-01-12 02:37:03
637,C,2018-01-12 17:47:38
692,B,2018-01-12 18:01:29
674,A,2018-01-12 18:05:21
352,B,2018-01-12 18:06:25
393,B,2018-01-12 18:21:09
133,B,2018-01-12 20:35:21
878,D,2018-01-12 23:31:37
728,D,2018-01-12 23:32:05
41,B,2018-01-13 07:49:33
451,B,2018-01-13 18:11:39
208,B,2018-01-13 19:43:29
108,B,2018-01-13 22:54:30
140,B,2018-01-13 23:14:11
63,B,2018-01-13 23:18:02
623,C,2018-01-14 10:54:45
993,B,2018-01-15 05:52:25
143,B,2018-01-15 08:19:29
403,B,2018-01-16 00:39:46
548,B,2018-01-16 01:37:07
616,A,2018-01-16 02:51:50
931,D,2018-01-16 03:29:55
69,B,2018-01-16 14:53:48
652,D,2018-01-16 16:18:48
643,B,2018-01-16 23:31:07
868,D,2018-01-17 02:19:44
369,B,2018-01-17 02:57:00
641,E,2018-01-17 05:33:27
760,C,2018-01-18 10:18:08
528,B,2018-01-18 11:21:45
788,C,2018-01-18 13:23:40
195,B,2018-01-18 15:34:20
254,B,2018-01-19 04:49:06
396,B,2018-01-19 22:08:21
513,B,2018-01-20 06:13:41
737,D,2018-01-20 09:53:53
524,B,2018-01-20 11:21:45
927,A,2018-01-21 08:01:28
877,E,2018-01-21 13:55:07
972,D,2018-01-21 16:29:15
319,B,2018-01-21 16:59:28
171,B,2018-01-21 20:28:15
266,B,2018-01-22 09:36:28
127,B,2018-01-23 04:04:14
45,B,2018-01-23 11:01:17
676,F,2018-01-23 13:59:40
123,B,2018-01-23 14:19:40
176,C,2018-01-23 20:44:00
677,E,2018-01-24 02:12:20
820,D,2018-01-24 19:11:07
17,B,2018-01-25 23:02:36
765,F,2018-01-26 03:52:32
613,D,2018-01-26 04:22:59
892,D,2018-01-26 06:20:14
478,B,2018-01-26 08:33:47
141,B,2018-01-26 15:35:26
895,B,2018-01-27 03:23:59
386,B,2018-01-27 14:06:16
975,A,2018-01-28 14:36:08
919,C,2018-01-28 15:32:49
722,E,2018-01-28 18:14:46
993,D,2018-01-28 21:47:07
70,B,2018-01-28 23:26:48
294,B,2018-01-29 02:31:51
39,B,2018-01-29 10:14:30
1000,C,2018-01-29 20:56:10
550,B,2018-01-30 14:27:45
752,D,2018-01-30 22:24:30
358,B,2018-01-31 17:48:08
919,C,2018-01-31 17:51:06
258,B,2018-01-31 20:18:07
789,E,2018-01-31 20:40:29
798,E,2018-02-01 00:15:23
272,B,2018-02-01 16:42:51
438,B,2018-02-02 16:26:27
662,D,2018-02-03 01:07:55
581,B,2018-02-04 00:31:42
273,B,2018-02-04 17:20:55
640,E,2018-02-04 17:38:24
71,B,2018-02-04 19:21:44
896,C,2018-02-05 01:01:49
450,B,2018-02-06 00:46:13
629,F,2018-02-06 05:09:17
603,C,2018-02-06 10:39:37
78,B,2018-02-06 15:33:34
301,B,2018-02-06 22:20:38
882,A,2018-02-07 18:09:22
48,B,2018-02-08 00:07:17
600,B,2018-02-08 08:58:44
73,B,2018-02-08 19:47:28
829,F,2018-02-08 20:39:27
348,B,2018-02-08 23:45:10
912,A,2018-02-09 11:01:25
385,B,2018-02-09 12:57:24
647,E,2018-02-09 15:07:11
890,E,2018-02-09 17:38:23
820,A,2018-02-10 00:58:24
440,B,2018-02-10 03:00:42
553,B,2018-02-10 04:49:14
737,A,2018-02-10 06:36:37
387,B,2018-02-11 01:29:24
410,B,2018-02-11 16:37:49
811,D,2018-02-12 15:52:38
614,A,2018-02-13 04:09:46
688,F,2018-02-14 13:07:07
357,B,2018-02-14 19:15:01
965,F,2018-02-15 12:25:30
167,B,2018-02-16 01:13:27
478,C,2018-02-16 03:37:56
870,E,2018-02-16 03:39:36
691,E,2018-02-16 13:55:29
44,B,2018-02-16 21:50:46
999,B,2018-02-17 11:06:35
675,D,2018-02-18 02:11:45
831,E,2018-02-18 07:17:48
813,F,2018-02-18 07:51:40
311,B,2018-02-18 22:05:33
535,B,2018-02-18 22:58:49
533,B,2018-02-19 07:35:43
929,E,2018-02-19 09:13:53
715,D,2018-02-19 20:50:45
77,B,2018-02-20 01:45:49
376,B,2018-02-20 10:21:30
242,B,2018-02-21 16:05:58
501,B,2018-02-21 21:37:51
846,B,2018-02-22 01:32:58
763,A,2018-02-22 06:50:40
270,B,2018-02-22 22:56:30
567,B,2018-02-23 01:43:12
62,B,2018-02-23 08:02:36
641,F,2018-02-23 15:13:49
408,B,2018-02-24 04:45:01
629,D,2018-02-24 05:24:31
870,F,2018-02-25 00:07:28
674,B,2018-02-25 09:38:42
861,E,2018-02-26 00:39:17
961,F,2018-02-26 05:48:15
802,F,2018-02-26 21:16:51
359,B,2018-02-26 23:03:48
282,B,2018-02-27 00:31:49
726,E,2018-02-27 04:37:53
985,F,2018-02-27 07:26:04
634,A,2018-02-27 15:36:56
310,B,2018-02-27 16:29:48
765,F,2018-02-27 17:50:07
731,D,2018-02-28 01:29:52
18,B,2018-02-28 13:39:58
85,B,2018-03-01 00:22:47
9,B,2018-03-01 04:15:46
874,D,2018-03-01 11:19:01
888,A,2018-03-01 17:45:15
458,B,2018-03-01 19:11:29
605,D,2018-03-02 08:14:02
889,B,2018-03-03 12:58:45
81,B,2018-03-03 13:58:38
657,C,2018-03-03 15:51:43
564,B,2018-03-04 08:21:14
656,D,2018-03-04 08:57:11
658,E,2018-03-04 12:42:32
788,A,2018-03-04 20:01:53
970,E,2018-03-05 04:25:50
350,B,2018-03-05 06:39:36
154,B,2018-03-05 10:58:09
462,B,2018-03-06 00:46:14
788,C,2018-03-06 03:11:58
841,B,2018-03-06 18:56:25
600,C,2018-03-06 23:04:59
101,B,2018-03-07 02:32:16
967,F,2018-03-07 17:45:14
795,D,2018-03-08 04:07:50
437,B,2018-03-09 00:10:58
9,C,2018-03-09 09:54:41
958,D,2018-03-10 08:46:37
132,B,2018-03-10 14:39:35
919,A,2018-03-10 21:20:40
639,A,2018-03-11 03:06:54
178,B,2018-03-11 03:58:08
771,C,2018-03-11 07:16:28
756,A,2018-03-11 10:33:46
773,E,2018-03-11 16:16:00
609,D,2018-03-11 21:35:28
611,E,2018-03-12 01:04:37
325,B,2018-03-12 02:11:30
367,B,2018-03-12 12:04:22
850,D,2018-03-12 20:33:25
951,C,2018-03-12 21:59:47
399,B,2018-03-13 01:14:03
131,B,2018-03-13 04:10:10
351,B,2018-03-13 10:36:03
21,B,2018-03-14 02:03:00
380,B,2018-03-14 19:32:55
983,A,2018-03-14 22:59:03
836,B,2018-03-15 07:15:53
171,C,2018-03-15 08:21:30
941,D,2018-03-15 22:09:05
775,E,2018-03-16 01:05:57
670,D,2018-03-16 06:11:25
235,B,2018-03-16 09:48:06
937,D,2018-03-16 10:10:45
37,B,2018-03-16 22:55:09
547,B,2018-03-17 07:38:23
711,B,2018-03-18 17:17:04
374,B,2018-03-19 16:05:12
731,E,2018-03-19 18:06:03
271,B,2018-03-21 19:23:26
493,B,2018-03-22 15:36:58
901,A,2018-03-23 06:29:14
836,F,2018-03-23 06:33:55
118,B,2018-03-23 06:37:08
745,A,2018-03-24 00:47:50
490,B,2018-03-24 15:04:17
886,C,2018-03-24 20:07:48
972,E,2018-03-24 22:34:53
735,F,2018-03-25 02:18:49
341,B,2018-03-25 07:12:07
658,A,2018-03-27 11:05:57
826,F,2018-03-27 20:11:07
695,B,2018-03-28 00:24:29
925,D,2018-03-28 01:28:53
810,C,2018-03-28 03:15:10
988,D,2018-03-28 05:36:34
300,B,2018-03-28 10:29:12
617,D,2018-03-28 13:02:37
663,D,2018-03-29 13:04:33
468,B,2018-03-29 14:24:59
328,B,2018-03-29 21:16:36
168,B,2018-03-29 23:31:50
712,F,2018-03-29 23:57:36
515,B,2018-03-30 21:43:02
601,A,2018-03-31 02:24:37
793,F,2018-03-31 07:44:21
202,B,2018-03-31 10:31:15
405,B,2018-03-31 15:22:33
588,B,2018-04-02 00:16:12
244,B,2018-04-02 02:51:02
150,B,2018-04-02 12:39:21
586,B,2018-04-02 12:57:03
666,D,2018-04-02 14:43:54
297,B,2018-04-02 16:14:37
237,B,2018-04-02 20:00:28
47,B,2018-04-02 21:24:22
941,E,2018-04-03 03:18:22
93,B,2018-04-03 21:27:02
175,B,2018-04-05 00:37:16
466,B,2018-04-05 05:43:35
349,B,2018-04-06 03:39:31
552,B,2018-04-07 06:14:20
785,A,2018-04-07 09:57:24
876,A,2018-04-08 09:37:04
844,E,2018-04-08 10:39:33
626,F,2018-04-09 09:07:09
98,B,2018-04-10 00:21:33
392,B,2018-04-10 01:51:48
909,B,2018-04-10 04:42:56
342,B,2018-04-10 09:54:44
386,C,2018-04-10 14:57:04
784,F,2018-04-10 18:09:34
114,B,2018-04-10 19:31:10
508,B,2018-04-11 21:01:43
726,B,2018-04-11 23:07:56
692,E,2018-04-12 01:42:35
974,D,2018-04-12 04:29:33
933,D,2018-04-12 16:09:49
175,C,2018-04-13 14:47:57
454,B,2018-04-13 16:12:04
502,B,2018-04-13 20:32:56
977,D,2018-04-14 00:51:33
499,B,2018-04-14 03:01:18
304,B,2018-04-14 10:58:11
317,B,2018-04-14 11:31:00
979,D,2018-04-14 13:13:02
276,B,2018-04-14 14:11:09
260,B,2018-04-14 23:49:10
375,B,2018-04-15 07:13:51
703,D,2018-04-15 08:05:26
389,B,2018-04-16 11:04:32
220,B,2018-04-16 11:30:49
630,C,2018-04-16 15:17:40
288,B,2018-04-16 19:23:17
22,B,2018-04-17 01:38:37
46,B,2018-04-17 03:39:27
259,B,2018-04-17 06:12:10
849,E,2018-04-17 22:15:23
216,B,2018-04-18 03:17:23
169,B,2018-04-18 10:43:11
59,B,2018-04-18 13:40:49
694,B,2018-04-19 09:51:51
848,E,2018-04-19 11:23:08
51,B,2018-04-20 18:24:14
133,C,2018-04-21 18:16:10
66,B,2018-04-23 02:05:50
196,B,2018-04-23 14:14:10
636,D,2018-04-23 15:56:40
723,E,2018-04-24 14:08:43
687,E,2018-04-24 14:21:21
703,A,2018-04-24 14:31:02
714,E,2018-04-24 15:42:05
364,B,2018-04-25 09:32:44
735,A,2018-04-25 16:24:05
287,B,2018-04-25 20:22:38
691,E,2018-04-26 03:46:37
920,A,2018-04-26 05:23:17
522,B,2018-04-26 08:02:53
296,B,2018-04-26 08:13:25
615,B,2018-04-26 08:17:28
56,B,2018-04-26 10:14:16
820,B,2018-04-26 14:48:00
566,B,2018-04-26 22:03:27
618,F,2018-04-27 07:35:13
13,C,2018-04-27 10:08:34
642,F,2018-04-27 18:56:13
162,B,2018-04-27 22:52:36
181,B,2018-04-28 03:14:21
718,F,2018-04-28 06:15:45
294,C,2018-04-28 09:50:32
432,B,2018-04-29 02:32:12
724,A,2018-04-29 04:58:01
924,F,2018-04-29 23:07:40
790,F,2018-04-30 02:02:05
116,B,2018-04-30 05:42:07
954,F,2018-04-30 08:15:26
12,B,2018-04-30 09:26:22
378,B,2018-04-30 09:54:26
412,B,2018-04-30 12:18:12
957,A,2018-04-30 17:14:59
773,E,2018-05-01 14:27:17
279,B,2018-05-02 12:08:16
484,B,2018-05-02 20:11:38
638,E,2018-05-03 12:51:25
265,B,2018-05-03 19:05:34
485,B,2018-05-04 05:11:45
738,E,2018-05-04 16:06:37
998,C,2018-05-04 18:11:02
434,B,2018-05-05 15:56:34
522,C,2018-05-05 23:54:10
650,D,2018-05-06 07:01:39
455,B,2018-05-07 04:41:30
2,B,2018-05-07 06:03:16
832,B,2018-05-07 13:19:25
287,C,2018-05-07 19:13:15
418,B,2018-05-07 20:01:16
390,B,2018-05-08 03:14:48
931,E,2018-05-09 12:26:42
866,E,2018-05-09 13:43:43
681,A,2018-05-09 18:11:34
34,B,2018-05-09 20:27:01
139,B,2018-05-11 00:58:59
8,B,2018-05-11 01:01:55
488,B,2018-05-11 04:36:06
591,B,2018-05-11 18:49:55
469,B,2018-05-12 03:07:11
950,B,2018-05-12 05:10:57
252,B,2018-05-12 13:17:47
567,C,2018-05-13 04:04:34
822,E,2018-05-13 13:31:29
991,F,2018-05-13 21:29:00
243,B,2018-05-13 21:40:38
314,B,2018-05-14 13:23:14
16,B,2018-05-14 15:58:34
733,C,2018-05-14 16:32:03
673,A,2018-05-14 22:02:30
929,A,2018-05-15 01:24:03
87,B,2018-05-15 02:40:50
973,E,2018-05-15 08:10:52
327,B,2018-05-15 08:55:18
773,E,2018-05-15 20:10:48
1,B,2018-05-16 06:37:22
201,B,2018-05-16 10:06:27
24,B,2018-05-17 12:59:40
848,D,2018-05-17 15:38:01
323,B,2018-05-17 17:26:54
671,B,2018-05-18 14:47:48
995,F,2018-05-18 16:03:20
509,C,2018-05-18 20:03:52
889,C,2018-05-19 03:24:59
149,B,2018-05-19 06:46:10
83,B,2018-05-19 11:02:26
486,B,2018-05-19 13:16:07
837,F,2018-05-19 20:55:32
559,B,2018-05-19 23:16:36
444,B,2018-05-20 01:31:43
946,C,2018-05-20 17:12:40
3,B,2018-05-20 19:52:19
47,C,2018-05-20 20:56:48
775,E,2018-05-21 02:32:27
747,C,2018-05-21 03:40:59
598,B,2018-05-21 13:43:18
718,F,2018-05-21 14:05:53
155,B,2018-05-22 02:12:41
685,E,2018-05-22 07:07:07
511,B,2018-05-22 08:30:28
943,F,2018-05-22 12:53:24
613,D,2018-05-22 21:48:52
792,A,2018-05-23 02:32:44
72,B,2018-05-23 07:56:38
916,A,2018-05-23 11:37:36
422,B,2018-05-23 13:08:19
612,C,2018-05-23 15:02:17
970,A,2018-05-23 15:57:04
104,B,2018-05-23 17:27:10
508,C,2018-05-23 19:00:40
892,C,2018-05-23 19:57:22
219,B,2018-05-24 06:59:58
229,B,2018-05-24 07:23:57
843,D,2018-05-24 13:34:10
934,D,2018-05-24 14:21:04
345,B,2018-05-25 11:15:22
861,B,2018-05-25 12:03:19
782,A,2018-05-25 20:42:46
824,B,2018-05-25 21:13:33
795,C,2018-05-26 10:30:15
256,B,2018-05-26 11:30:08
44,C,2018-05-26 17:50:20
804,D,2018-05-27 05:20:34
804,E,2018-05-27 11:41:53
637,F,2018-05-27 18:25:24
644,F,2018-05-28 04:12:28
491,B,2018-05-28 07:32:39
360,B,2018-05-28 16:01:48
826,B,2018-05-28 17:03:19
675,A,2018-05-29 00:44:47
448,B,2018-05-29 15:27:36
399,C,2018-05-30 06:09:56
165,B,2018-05-30 11:00:20
337,B,2018-05-30 12:53:43
88,B,2018-05-30 17:15:42
365,B,2018-05-31 00:44:38
976,A,2018-05-31 10:36:16
842,B,2018-05-31 19:04:37
31,B,2018-05-31 19:48:43
947,B,2018-05-31 22:47:08
421,B,2018-06-01 02:23:39
468,C,2018-06-01 03:29:38
892,E,2018-06-02 21:51:58
106,B,2018-06-03 06:55:40
820,E,2018-06-03 07:09:16
582,B,2018-06-03 08:57:06
322,B,2018-06-03 09:07:42
683,D,2018-06-03 11:58:08
908,A,2018-06-03 15:55:01
268,B,2018-06-03 16:41:37
544,B,2018-06-04 03:19:35
444,C,2018-06-04 03:48:03
460,B,2018-06-04 10:21:46
228,B,2018-06-04 10:28:16
813,E,2018-06-04 11:37:02
648,E,2018-06-04 13:00:56
392,C,2018-06-04 13:37:02
853,F,2018-06-04 14:30:16
210,B,2018-06-04 19:40:35
573,B,2018-06-05 06:34:29
100,C,2018-06-05 07:40:56
564,C,2018-06-05 14:51:55
553,C,2018-06-06 04:17:50
173,B,2018-06-06 10:58:54
608,E,2018-06-06 12:33:50
523,B,2018-06-06 15:09:54
694,A,2018-06-07 05:52:55
367,C,2018-06-07 10:21:12
825,C,2018-06-07 12:03:25
588,C,2018-06-08 06:47:43
91,B,2018-06-08 09:35:15
810,D,2018-06-08 15:16:00
184,B,2018-06-08 23:13:11
308,B,2018-06-09 01:12:23
260,C,2018-06-10 08:12:09
378,C,2018-06-11 02:26:06
480,B,2018-06-11 12:24:48
869,C,2018-06-12 00:46:29
469,C,2018-06-12 08:29:49
747,B,2018-06-12 11:22:17
157,B,2018-06-12 15:39:52
581,C,2018-06-13 23:16:36
3,C,2018-06-14 04:32:31
932,A,2018-06-14 10:54:05
250,B,2018-06-14 16:06:20
655,F,2018-06-15 13:20:55
653,A,2018-06-15 17:34:24
602,F,2018-06-15 22:42:03
887,F,2018-06-15 23:11:29
10,B,2018-06-16 00:36:06
617,D,2018-06-16 01:40:35
913,C,2018-06-16 03:03:49
579,B,2018-06-16 07:21:12
286,B,2018-06-16 11:17:39
159,B,2018-06-16 13:49:05
359,C,2018-06-17 04:18:11
890,D,2018-06-17 14:01:44
787,C,2018-06-17 19:24:40
296,C,2018-06-18 08:15:40
819,C,2018-06-18 10:57:44
384,B,2018-06-18 11:51:06
729,C,2018-06-18 15:16:56
719,D,2018-06-19 09:21:03
526,B,2018-06-19 13:18:55
330,B,2018-06-19 18:32:40
963,D,2018-06-19 22:28:07
498,B,2018-06-19 23:39:11
379,B,2018-06-20 01:58:50
515,C,2018-06-20 09:42:28
245,B,2018-06-20 21:46:49
558,B,2018-06-21 01:51:00
435,B,2018-06-21 04:13:07
500,B,2018-06-21 10:18:45
190,B,2018-06-21 10:47:32
786,D,2018-06-22 02:56:16
282,C,2018-06-22 04:48:40
776,B,2018-06-22 19:32:50
543,B,2018-06-23 02:44:24
504,C,2018-06-23 04:25:10
594,B,2018-06-23 11:20:31
222,B,2018-06-23 15:17:29
556,B,2018-06-24 05:57:44
149,C,2018-06-24 08:04:56
612,D,2018-06-24 11:14:33
778,E,2018-06-24 19:17:38
711,A,2018-06-25 07:06:43
292,B,2018-06-25 16:10:38
25,B,2018-06-26 03:25:46
591,C,2018-06-26 22:42:36
331,B,2018-06-27 00:45:51
861,C,2018-06-27 09:51:51
364,C,2018-06-27 10:23:59
352,C,2018-06-27 11:11:52
875,A,2018-06-27 13:53:16
899,E,2018-06-28 09:29:33
903,E,2018-06-28 10:21:18
914,D,2018-06-28 16:22:40
570,C,2018-06-28 22:35:09
258,C,2018-06-29 10:46:49
521,B,2018-07-01 09:29:00
238,B,2018-07-01 13:57:31
764,A,2018-07-01 15:18:12
447,B,2018-07-01 22:32:35
706,C,2018-07-01 23:32:08
465,B,2018-07-02 15:15:44
413,B,2018-07-03 05:23:56
241,B,2018-07-03 13:23:21
178,C,2018-07-03 16:35:46
554,B,2018-07-04 00:19:48
990,D,2018-07-04 09:20:37
180,B,2018-07-04 18:57:47
750,E,2018-07-05 09:02:51
631,D,2018-07-05 14:18:19
966,E,2018-07-05 18:50:02
839,C,2018-07-06 05:41:38
633,B,2018-07-07 02:41:38
493,C,2018-07-07 08:24:50
621,B,2018-07-07 17:03:16
174,B,2018-07-07 18:31:34
714,F,2018-07-08 12:48:26
29,B,2018-07-08 13:05:10
57,B,2018-07-08 17:09:01
932,E,2018-07-09 06:40:04
453,B,2018-07-09 15:23:48
254,C,2018-07-10 04:58:33
923,A,2018-07-10 14:36:37
593,B,2018-07-10 18:29:14
809,F,2018-07-10 21:47:35
853,D,2018-07-11 01:22:12
146,B,2018-07-11 03:53:26
840,C,2018-07-11 11:27:35
956,E,2018-07-12 01:02:17
151,B,2018-07-12 01:48:44
131,C,2018-07-12 03:43:52
938,A,2018-07-13 07:18:20
354,B,2018-07-13 07:44:19
305,B,2018-07-13 23:35:09
316,B,2018-07-15 05:47:22
742,F,2018-07-15 05:59:07
860,C,2018-07-15 13:26:37
648,A,2018-07-15 14:15:49
370,B,2018-07-16 02:30:41
32,B,2018-07-16 08:01:36
56,C,2018-07-16 20:47:12
929,A,2018-07-17 03:52:03
610,C,2018-07-17 08:15:44
186,B,2018-07-17 16:12:58
220,C,2018-07-18 22:18:25
32,C,2018-07-18 23:58:59
940,B,2018-07-19 03:24:55
483,B,2018-07-19 08:51:23
684,C,2018-07-19 14:23:13
158,B,2018-07-19 18:50:22
609,C,2018-07-20 05:58:09
889,B,2018-07-20 09:30:21
736,C,2018-07-21 04:39:24
531,B,2018-07-21 05:51:51
32,D,2018-07-21 13:56:30
306,B,2018-07-21 15:54:31
298,B,2018-07-22 07:54:35
577,B,2018-07-23 02:37:23
907,A,2018-07-23 23:30:12
657,E,2018-07-24 00:08:34
33,B,2018-07-24 00:41:56
42,B,2018-07-24 04:51:10
525,B,2018-07-24 15:11:13
862,E,2018-07-24 16:10:47
306,C,2018-07-25 02:34:31
872,A,2018-07-25 06:31:31
214,B,2018-07-25 10:28:49
542,B,2018-07-25 10:57:18
698,C,2018-07-25 11:48:03
504,D,2018-07-25 17:36:48
864,C,2018-07-26 03:36:06
402,B,2018-07-26 12:06:26
847,C,2018-07-26 12:45:20
678,A,2018-07-26 15:47:28
244,C,2018-07-26 21:06:23
646,E,2018-07-27 02:15:28
591,D,2018-07-28 04:09:49
613,A,2018-07-28 10:54:20
577,C,2018-07-28 20:21:07
865,C,2018-07-28 20:50:15
823,A,2018-07-29 03:53:23
856,A,2018-07-29 09:43:20
155,C,2018-07-29 12:36:47
1000,E,2018-07-29 23:56:13
205,B,2018-07-30 03:33:53
944,A,2018-08-01 10:44:36
64,C,2018-08-01 18:52:02
148,B,2018-08-01 19:26:47
813,B,2018-08-02 07:40:16
349,C,2018-08-02 10:48:43
590,B,2018-08-02 19:31:23
540,C,2018-08-02 19:49:26
35,B,2018-08-03 02:23:06
837,F,2018-08-03 10:27:27
762,A,2018-08-03 18:02:42
198,B,2018-08-04 12:36:04
419,B,2018-08-04 12:52:26
203,B,2018-08-04 18:48:09
407,B,2018-08-04 19:48:09
450,C,2018-08-05 00:17:10
111,B,2018-08-05 13:21:14
22,C,2018-08-05 20:06:21
557,B,2018-08-06 01:28:30
973,C,2018-08-06 05:48:41
477,B,2018-08-06 15:43:51
965,C,2018-08-06 17:48:10
445,B,2018-08-06 17:58:43
805,F,2018-08-07 02:36:08
884,D,2018-08-07 09:45:55
170,B,2018-08-07 10:40:32
831,C,2018-08-07 11:22:43
714,B,2018-08-07 13:31:02
740,A,2018-08-07 14:16:31
558,C,2018-08-07 23:21:03
649,E,2018-08-08 00:39:54
356,B,2018-08-08 03:42:42
633,A,2018-08-08 12:18:41
995,C,2018-08-08 15:21:30
968,F,2018-08-08 21:35:16
957,E,2018-08-09 11:53:07
164,B,2018-08-09 16:40:27
14,B,2018-08-10 15:49:40
227,B,2018-08-10 15:57:43
832,B,2018-08-10 19:51:46
824,F,2018-08-10 23:56:16
502,C,2018-08-11 01:40:15
107,B,2018-08-11 02:06:48
979,E,2018-08-11 04:49:10
937,E,2018-08-12 03:17:33
781,C,2018-08-12 08:12:03
683,F,2018-08-12 09:31:20
293,B,2018-08-12 19:44:24
869,D,2018-08-13 08:22:52
512,B,2018-08-13 13:13:35
781,D,2018-08-13 17:01:35
838,E,2018-08-13 21:16:11
469,D,2018-08-14 01:33:22
560,B,2018-08-14 04:37:10
449,B,2018-08-14 10:57:43
457,B,2018-08-14 13:05:13
669,B,2018-08-15 02:38:43
856,E,2018-08-15 07:33:11
845,D,2018-08-15 22:03:26
272,C,2018-08-16 05:31:30
925,F,2018-08-16 07:39:00
393,C,2018-08-16 16:06:41
259,C,2018-08-16 17:04:26
82,B,2018-08-16 20:01:57
193,B,2018-08-17 08:08:44
901,C,2018-08-17 08:38:15
409,B,2018-08-17 13:41:54
157,C,2018-08-17 16:43:34
743,B,2018-08-17 21:43:57
79,B,2018-08-17 22:30:22
801,B,2018-08-18 10:15:43
868,A,2018-08-18 10:40:53
347,B,2018-08-19 05:34:23
772,C,2018-08-19 07:02:49
545,B,2018-08-19 22:31:03
91,C,2018-08-20 03:57:58
816,D,2018-08-20 04:19:15
186,C,2018-08-20 04:22:35
234,B,2018-08-20 11:29:31
842,F,2018-08-20 13:41:42
682,B,2018-08-20 15:17:14
645,B,2018-08-22 05:42:57
471,B,2018-08-22 09:48:31
949,B,2018-08-22 12:48:54
78,C,2018-08-22 22:19:25
818,E,2018-08-23 02:14:16
948,F,2018-08-23 04:28:16
947,F,2018-08-24 00:37:54
241,C,2018-08-24 04:09:31
791,A,2018-08-24 08:38:27
943,F,2018-08-24 13:54:55
404,B,2018-08-24 21:01:42
205,C,2018-08-24 21:45:12
105,B,2018-08-24 22:44:38
638,A,2018-08-25 03:29:48
59,C,2018-08-25 15:14:36
874,F,2018-08-25 19:36:28
969,F,2018-08-25 21:36:00
146,C,2018-08-26 07:16:26
733,B,2018-08-26 08:26:26
619,C,2018-08-26 10:45:32
394,B,2018-08-27 03:39:44
465,C,2018-08-27 11:54:28
536,B,2018-08-27 16:08:16
899,A,2018-08-27 16:17:39
704,A,2018-08-27 22:54:57
729,C,2018-08-28 01:30:40
119,C,2018-08-28 19:48:57
646,F,2018-08-28 20:31:55
915,D,2018-08-28 21:07:23
962,C,2018-08-28 22:44:08
672,B,2018-08-29 02:50:18
222,C,2018-08-29 17:44:15
596,B,2018-08-30 05:50:31
213,B,2018-08-30 07:39:48
357,C,2018-08-30 13:29:15
5,B,2018-08-30 16:13:02
886,B,2018-08-30 18:52:36
262,B,2018-08-30 22:37:04
183,B,2018-08-31 10:09:38
544,C,2018-08-31 17:10:01
440,C,2018-08-31 17:14:34
799,E,2018-08-31 18:00:49
936,E,2018-08-31 19:30:52
170,C,2018-08-31 23:56:27
458,C,2018-09-01 02:02:47
646,E,2018-09-01 03:34:05
782,A,2018-09-01 07:51:54
650,A,2018-09-01 13:25:43
163,B,2018-09-01 17:24:43
523,C,2018-09-01 18:13:28
956,D,2018-09-01 21:27:39
876,C,2018-09-03 06:34:53
767,E,2018-09-04 08:23:47
740,A,2018-09-04 14:55:28
719,E,2018-09-05 02:21:16
667,B,2018-09-05 14:15:24
541,B,2018-09-05 16:58:37
166,B,2018-09-06 07:02:05
228,C,2018-09-06 17:21:37
246,B,2018-09-06 19:00:16
207,B,2018-09-07 13:21:11
821,A,2018-09-07 22:41:25
289,B,2018-09-08 14:47:32
420,B,2018-09-08 17:33:56
796,B,2018-09-09 04:16:44
46,C,2018-09-09 07:13:32
945,C,2018-09-09 09:10:24
622,D,2018-09-09 20:29:04
128,B,2018-09-09 20:31:04
711,E,2018-09-10 02:20:42
161,B,2018-09-10 05:31:17
772,D,2018-09-10 08:42:13
376,C,2018-09-10 15:53:17
95,B,2018-09-10 23:56:48
674,E,2018-09-11 02:40:53
516,C,2018-09-11 04:03:53
58,B,2018-09-11 07:14:30
966,D,2018-09-11 11:17:41
158,C,2018-09-11 21:33:18
332,B,2018-09-12 03:52:27
699,F,2018-09-12 08:29:31
800,A,2018-09-12 18:53:47
854,B,2018-09-13 04:44:10
860,E,2018-09-13 10:31:28
379,C,2018-09-13 12:49:44
992,E,2018-09-14 05:08:54
122,B,2018-09-14 07:28:52
1,C,2018-09-14 08:19:28
989,A,2018-09-14 12:03:23
313,B,2018-09-14 13:07:01
634,C,2018-09-15 11:56:42
285,B,2018-09-15 21:37:44
162,C,2018-09-16 05:32:03
803,F,2018-09-16 16:43:50
80,B,2018-09-16 21:43:42
719,F,2018-09-17 08:00:21
372,B,2018-09-17 12:42:30
455,C,2018-09-17 13:58:58
833,B,2018-09-17 15:26:15
293,C,2018-09-17 19:59:40
741,C,2018-09-18 00:18:11
321,B,2018-09-18 00:55:12
144,B,2018-09-18 08:29:36
787,A,2018-09-18 17:54:06
684,A,2018-09-19 06:39:16
394,C,2018-09-19 23:38:17
436,B,2018-09-20 08:39:20
589,B,2018-09-20 11:48:15
242,C,2018-09-20 14:16:13
447,C,2018-09-21 05:10:18
895,E,2018-09-21 10:19:12
302,B,2018-09-21 20:48:39
726,F,2018-09-22 12:21:34
606,C,2018-09-23 12:38:24
721,D,2018-09-24 12:38:56
85,C,2018-09-24 18:29:59
566,C,2018-09-25 11:58:57
849,D,2018-09-26 04:35:56
375,C,2018-09-26 13:07:49
344,B,2018-09-26 20:27:45
836,D,2018-09-28 11:12:36
840,A,2018-09-28 11:55:14
890,B,2018-09-28 16:33:14
971,B,2018-09-29 03:39:38
762,E,2018-09-29 11:14:32
948,D,2018-09-29 18:27:02
75,B,2018-09-29 18:34:00
939,C,2018-09-30 18:42:44
882,F,2018-10-01 03:33:09
862,D,2018-10-01 09:07:28
735,B,2018-10-01 23:16:24
525,C,2018-10-02 20:27:05
680,E,2018-10-02 22:38:32
974,C,2018-10-03 21:02:16
783,D,2018-10-04 03:26:14
362,B,2018-10-04 11:35:10
368,B,2018-10-05 05:47:49
916,A,2018-10-05 16:27:08
775,A,2018-10-06 02:39:31
224,B,2018-10-06 03:31:31
314,C,2018-10-06 22:46:05
312,C,2018-10-07 12:38:43
492,B,2018-10-07 17:16:24
949,B,2018-10-07 21:36:48
930,C,2018-10-07 23:41:05
209,B,2018-10-08 04:21:45
125,B,2018-10-08 11:42:53
955,D,2018-10-08 11:49:05
967,D,2018-10-08 12:33:01
463,B,2018-10-09 03:13:30
294,D,2018-10-09 07:54:51
498,C,2018-10-09 11:51:47
452,B,2018-10-09 13:01:03
436,C,2018-10-09 13:23:36
280,B,2018-10-09 17:59:00
958,F,2018-10-09 19:59:41
745,B,2018-10-10 02:28:55
439,B,2018-10-10 11:56:33
679,E,2018-10-11 10:06:56
622,A,2018-10-11 12:02:37
152,B,2018-10-11 13:13:28
990,A,2018-10-11 19:53:36
524,C,2018-10-12 02:37:52
802,C,2018-10-12 18:16:51
53,B,2018-10-12 21:42:01
926,A,2018-10-13 08:00:59
236,B,2018-10-13 08:26:36
610,E,2018-10-13 13:08:20
281,B,2018-10-14 00:39:31
444,D,2018-10-14 23:03:18
247,B,2018-10-15 13:06:29
702,E,2018-10-16 03:32:07
65,B,2018-10-17 11:29:28
284,B,2018-10-18 11:56:09
738,D,2018-10-18 14:57:24
305,C,2018-10-18 17:14:22
276,C,2018-10-18 22:46:46
236,C,2018-10-19 08:44:52
396,C,2018-10-19 11:29:27
541,C,2018-10-19 13:07:42
533,C,2018-10-19 15:20:52
873,A,2018-10-20 03:12:40
617,D,2018-10-20 03:59:34
152,C,2018-10-20 10:42:48
956,F,2018-10-20 16:51:50
608,F,2018-10-21 00:51:42
970,C,2018-10-21 06:03:28
165,C,2018-10-21 07:23:26
633,E,2018-10-21 20:50:12
725,A,2018-10-21 22:29:09
59,D,2018-10-22 00:08:45
660,A,2018-10-22 06:47:20
957,D,2018-10-22 10:50:10
442,B,2018-10-22 11:54:26
950,D,2018-10-22 14:21:16
645,E,2018-10-22 20:35:00
125,C,2018-10-23 11:01:04
986,A,2018-10-23 11:36:09
160,B,2018-10-23 14:21:49
808,C,2018-10-23 16:49:47
109,B,2018-10-24 02:38:41
224,C,2018-10-24 04:41:34
843,E,2018-10-24 07:14:31
539,B,2018-10-24 08:11:36
691,A,2018-10-24 12:26:45
856,C,2018-10-24 18:37:17
635,E,2018-10-25 17:51:40
361,B,2018-10-25 17:56:42
263,B,2018-10-26 06:00:42
433,B,2018-10-26 06:03:45
449,C,2018-10-26 07:27:23
931,B,2018-10-26 13:12:50
573,C,2018-10-26 23:18:56
409,C,2018-10-27 00:57:04
527,B,2018-10-27 03:26:16
619,B,2018-10-27 08:15:58
625,C,2018-10-27 08:35:11
562,B,2018-10-27 09:56:16
916,E,2018-10-27 19:18:07
757,E,2018-10-27 21:31:55
417,B,2018-10-28 00:17:42
364,D,2018-10-28 04:34:48
275,B,2018-10-28 11:44:50
485,C,2018-10-28 16:37:18
122,C,2018-10-28 19:36:23
322,C,2018-10-29 01:31:56
147,B,2018-10-29 02:10:35
878,C,2018-10-29 15:40:54
847,D,2018-10-29 23:02:49
604,D,2018-10-30 07:46:14
311,C,2018-10-30 07:50:06
883,A,2018-10-31 00:12:42
612,F,2018-10-31 09:17:15
596,C,2018-10-31 16:10:56
345,C,2018-10-31 17:21:22
751,A,2018-10-31 18:03:26
516,D,2018-10-31 20:08:22
525,D,2018-11-01 06:37:09
862,E,2018-11-01 18:58:17
651,B,2018-11-02 05:18:32
320,B,2018-11-02 06:49:24
964,A,2018-11-02 20:54:12
798,E,2018-11-03 00:12:37
767,B,2018-11-03 13:00:07
207,C,2018-11-04 15:38:05
952,B,2018-11-04 18:51:19
905,F,2018-11-05 03:24:52
628,C,2018-11-05 08:54:35
285,C,2018-11-06 14:04:59
994,F,2018-11-06 19:14:11
631,F,2018-11-07 05:13:06
508,D,2018-11-07 07:07:20
562,C,2018-11-07 08:59:59
510,B,2018-11-07 12:36:12
727,C,2018-11-08 07:33:20
50,B,2018-11-08 08:12:50
621,A,2018-11-08 23:02:31
397,B,2018-11-08 23:25:59
89,B,2018-11-09 19:44:04
301,C,2018-11-10 12:31:55
356,C,2018-11-11 10:24:10
603,B,2018-11-11 10:59:29
736,C,2018-11-11 16:26:09
761,B,2018-11-12 04:58:39
25,C,2018-11-12 13:47:23
905,F,2018-11-13 03:40:27
656,D,2018-11-13 09:17:28
212,B,2018-11-14 06:01:04
16,C,2018-11-14 21:55:26
414,B,2018-11-15 02:16:29
721,E,2018-11-15 12:49:02
759,C,2018-11-16 01:38:58
764,D,2018-11-16 14:48:20
924,E,2018-11-17 09:58:03
18,C,2018-11-17 11:04:16
647,E,2018-11-18 00:43:27
255,B,2018-11-18 02:17:46
796,C,2018-11-18 06:04:03
731,A,2018-11-18 10:04:42
749,D,2018-11-18 16:56:57
859,D,2018-11-19 01:32:14
549,B,2018-11-19 01:53:15
102,B,2018-11-19 02:37:40
487,B,2018-11-20 13:42:40
330,C,2018-11-20 15:39:11
262,C,2018-11-20 17:39:49
190,C,2018-11-21 05:34:30
361,C,2018-11-21 14:06:16
803,C,2018-11-21 16:59:35
748,F,2018-11-22 01:03:58
968,E,2018-11-22 01:36:17
505,B,2018-11-22 06:25:33
521,C,2018-11-22 07:20:05
455,D,2018-11-22 10:38:56
232,B,2018-11-22 18:01:29
867,F,2018-11-22 19:59:42
208,C,2018-11-23 03:25:46
630,D,2018-11-23 12:40:34
606,B,2018-11-23 14:08:18
891,E,2018-11-23 16:27:22
829,D,2018-11-23 19:06:20
3,D,2018-11-24 04:38:38
627,E,2018-11-24 11:31:15
750,D,2018-11-24 21:39:20
217,B,2018-11-25 00:02:33
274,B,2018-11-25 05:28:11
682,E,2018-11-25 08:24:16
218,B,2018-11-25 09:06:58
798,A,2018-11-25 11:57:32
668,F,2018-11-25 13:55:08
248,B,2018-11-25 14:21:52
948,B,2018-11-25 16:04:57
623,D,2018-11-26 00:31:14
442,C,2018-11-26 00:43:20
175,D,2018-11-26 12:55:10
675,F,2018-11-26 14:13:06
845,E,2018-11-27 03:38:29
765,A,2018-11-27 04:40:33
284,C,2018-11-27 07:58:44
662,E,2018-11-27 12:39:55
864,C,2018-11-27 16:58:30
609,A,2018-11-27 18:47:46
496,B,2018-11-27 22:30:33
838,F,2018-11-28 04:41:34
984,F,2018-11-28 17:55:14
122,D,2018-11-28 17:56:59
135,B,2018-11-28 20:54:53
940,B,2018-11-29 01:38:32
150,C,2018-11-29 03:57:53
126,B,2018-11-29 13:28:07
76,B,2018-11-30 04:09:45
291,B,2018-11-30 12:22:59
888,E,2018-11-30 13:12:13
669,D,2018-11-30 22:10:20
278,C,2018-12-01 13:27:20
153,B,2018-12-02 07:29:40
823,A,2018-12-02 11:24:50
112,B,2018-12-03 01:50:42
336,B,2018-12-03 04:35:46
98,C,2018-12-04 01:37:11
718,A,2018-12-04 09:41:49
377,B,2018-12-04 13:11:09
701,E,2018-12-05 15:52:10
470,B,2018-12-05 17:47:20
927,F,2018-12-05 23:27:59
893,F,2018-12-06 05:10:04
654,F,2018-12-06 22:56:08
698,E,2018-12-06 23:37:00
185,B,2018-12-07 07:44:57
79,C,2018-12-07 17:12:38
274,C,2018-12-07 19:04:45
979,B,2018-12-07 23:46:33
124,B,2018-12-08 06:23:41
34,C,2018-12-08 16:59:23
280,C,2018-12-09 06:47:24
554,C,2018-12-09 08:42:53
369,C,2018-12-09 08:47:57
344,C,2018-12-09 11:46:23
998,E,2018-12-09 22:44:06
33,C,2018-12-10 04:24:36
767,B,2018-12-10 11:56:23
247,C,2018-12-10 13:21:34
923,B,2018-12-11 13:05:08
324,B,2018-12-11 15:09:00
192,B,2018-12-11 18:45:30
114,C,2018-12-12 07:35:13
151,C,2018-12-12 10:00:42
121,B,2018-12-12 12:49:03
291,C,2018-12-12 15:31:25
806,F,2018-12-13 02:23:26
737,B,2018-12-13 08:09:12
553,D,2018-12-13 09:27:23
894,A,2018-12-13 22:53:40
955,D,2018-12-15 12:29:25
338,B,2018-12-15 23:03:44
106,C,2018-12-16 07:29:14
920,B,2018-12-16 19:07:26
289,C,2018-12-17 01:31:15
55,B,2018-12-17 08:32:16
470,C,2018-12-17 16:03:42
931,F,2018-12-17 18:31:56
883,E,2018-12-18 00:21:57
976,C,2018-12-18 04:57:39
886,C,2018-12-18 07:49:44
770,B,2018-12-18 15:30:06
956,B,2018-12-18 23:09:55
589,C,2018-12-19 04:45:52
953,C,2018-12-19 05:58:41
95,C,2018-12-19 07:48:52
10,C,2018-12-19 15:52:09
234,C,2018-12-20 11:09:53
172,B,2018-12-20 13:02:45
711,B,2018-12-20 13:22:37
385,C,2018-12-20 15:24:24
906,E,2018-12-20 16:30:14
408,C,2018-12-20 20:00:23
117,B,2018-12-21 21:27:36
914,D,2018-12-22 03:47:47
37,C,2018-12-22 06:19:34
879,E,2018-12-22 10:51:28
881,F,2018-12-22 18:44:52
887,A,2018-12-23 01:44:35
526,C,2018-12-23 05:46:53
710,D,2018-12-23 17:17:59
521,D,2018-12-24 11:02:54
46,D,2018-12-24 12:12:08
712,C,2018-12-24 15:08:43
723,B,2018-12-24 19:32:52
551,B,2018-12-25 01:08:47
310,C,2018-12-25 03:41:57
864,C,2018-12-25 08:12:34
490,C,2018-12-25 08:41:16
703,D,2018-12-25 18:47:37
293,D,2018-12-25 19:01:32
541,D,2018-12-25 22:18:22
981,D,2018-12-25 23:56:27
231,B,2018-12-26 07:52:17
649,D,2018-12-26 08:45:47
125,D,2018-12-26 09:05:49
712,A,2018-12-26 09:31:05
432,C,2018-12-26 09:53:40
599,B,2018-12-26 17:23:59
482,B,2018-12-26 20:24:23
879,A,2018-12-27 01:54:51
337,C,2018-12-27 07:38:04
675,C,2018-12-27 11:12:40
36,B,2018-12-27 11:48:30
722,B,2018-12-27 13:34:59
205,D,2018-12-28 03:48:26
339,B,2018-12-28 20:15:30
193,C,2018-12-29 06:10:28
435,C,2018-12-29 22:22:36
387,C,2018-12-30 01:33:19
718,E,2018-12-30 04:31:25
627,F,2018-12-30 20:33:37
452,C,2018-12-30 23:20:36
825,E,2018-12-31 01:39:40
697,B,2018-12-31 01:57:27
939,B,2018-12-31 08:21:30
58,C,2018-12-31 23:02:26
268,C,2019-01-01 06:35:54
391,B,2019-01-02 01:11:08
885,E,2019-01-03 10:15:50
585,B,2019-01-04 05:11:13
963,A,2019-01-04 17:30:14
85,D,2019-01-04 21:32:43
881,B,2019-01-04 23:15:26
257,B,2019-01-05 11:06:23
573,D,2019-01-05 22:27:34
188,B,2019-01-06 09:07:39
264,B,2019-01-06 18:52:48
465,D,2019-01-07 00:04:01
797,F,2019-01-07 06:15:37
685,A,2019-01-07 10:13:22
426,B,2019-01-07 14:11:09
261,B,2019-01-08 07:16:49
597,B,2019-01-09 03:05:57
411,C,2019-01-09 07:19:05
817,E,2019-01-09 14:16:02
389,C,2019-01-09 14:24:34
204,B,2019-01-10 12:53:58
718,A,2019-01-10 17:51:17
697,A,2019-01-10 19:10:27
249,B,2019-01-11 02:02:19
318,B,2019-01-12 04:36:18
551,C,2019-01-12 09:26:08
784,D,2019-01-12 10:08:07
848,A,2019-01-12 12:58:11
746,A,2019-01-12 17:21:57
4,B,2019-01-13 10:31:21
443,B,2019-01-13 15:30:18
942,C,2019-01-13 18:51:05
840,C,2019-01-13 22:45:13
850,C,2019-01-14 02:16:16
283,B,2019-01-14 09:31:43
649,A,2019-01-14 10:01:56
199,B,2019-01-14 15:21:29
503,B,2019-01-14 17:24:37
19,B,2019-01-14 21:59:04
986,E,2019-01-14 23:09:45
939,A,2019-01-14 23:35:43
574,B,2019-01-15 13:22:06
595,B,2019-01-15 14:17:56
677,B,2019-01-16 23:39:50
72,C,2019-01-16 23:40:50
482,C,2019-01-16 23:41:32
967,D,2019-01-17 11:00:46
902,F,2019-01-17 13:40:57
56,D,2019-01-17 18:45:59
695,C,2019-01-18 12:30:56
692,A,2019-01-19 00:39:30
935,C,2019-01-20 00:09:12
612,A,2019-01-20 23:47:56
464,B,2019-01-21 00:32:57
427,B,2019-01-22 00:01:10
638,A,2019-01-22 04:23:10
134,B,2019-01-22 04:46:29
602,E,2019-01-22 19:56:33
554,D,2019-01-22 23:34:14
894,A,2019-01-23 17:26:45
607,B,2019-01-24 04:05:39
689,E,2019-01-25 15:59:19
292,C,2019-01-26 09:21:03
253,B,2019-01-27 08:40:04
41,C,2019-01-27 11:15:54
613,A,2019-01-27 16:15:17
696,E,2019-01-27 18:38:15
491,C,2019-01-27 20:54:59
938,D,2019-01-28 08:46:27
688,C,2019-01-28 21:38:52
215,B,2019-01-30 05:23:53
519,B,2019-01-30 10:36:37
529,B,2019-01-30 11:12:03
988,B,2019-01-30 11:52:58
518,B,2019-01-30 14:51:35
757,C,2019-01-30 19:03:43
632,A,2019-01-31 05:40:32
614,F,2019-01-31 19:30:47
66,C,2019-01-31 20:23:21
734,D,2019-01-31 23:59:10
598,C,2019-02-01 00:30:16
870,A,2019-02-01 04:39:57
35,C,2019-02-01 05:49:41
948,C,2019-02-01 07:28:59
359,D,2019-02-01 11:07:26
758,A,2019-02-01 12:02:49
716,D,2019-02-01 15:25:48
302,C,2019-02-02 03:21:53
279,C,2019-02-03 02:44:48
658,F,2019-02-03 03:36:57
273,C,2019-02-03 04:40:23
927,E,2019-02-04 11:38:50
92,B,2019-02-04 13:48:37
822,D,2019-02-04 16:21:46
193,D,2019-02-04 23:18:25
966,E,2019-02-05 22:19:48
579,C,2019-02-06 07:32:35
5,C,2019-02-06 11:56:11
76,C,2019-02-07 08:46:05
472,B,2019-02-07 15:12:50
301,D,2019-02-08 03:52:30
101,C,2019-02-08 04:02:39
924,B,2019-02-08 05:04:11
698,D,2019-02-08 11:11:20
690,A,2019-02-08 19:35:39
38,B,2019-02-09 13:02:05
174,C,2019-02-09 13:56:57
781,B,2019-02-10 07:51:45
775,A,2019-02-10 08:58:29
813,D,2019-02-10 16:46:39
805,E,2019-02-10 18:54:34
876,D,2019-02-10 23:14:24
565,B,2019-02-11 13:22:06
895,B,2019-02-11 13:23:06
793,A,2019-02-13 15:48:16
201,C,2019-02-14 02:14:36
30,B,2019-02-14 14:33:39
972,A,2019-02-14 18:51:49
978,F,2019-02-15 10:33:40
476,B,2019-02-15 14:41:26
657,E,2019-02-16 00:14:17
361,D,2019-02-16 12:54:44
130,B,2019-02-17 04:07:58
689,B,2019-02-17 13:52:22
853,A,2019-02-19 11:26:03
800,F,2019-02-19 19:28:35
348,C,2019-02-20 06:11:43
388,B,2019-02-20 12:04:21
830,D,2019-02-20 19:32:55
784,F,2019-02-21 06:11:34
391,C,2019-02-21 07:21:22
713,F,2019-02-21 07:40:51
145,B,2019-02-22 08:47:18
251,B,2019-02-22 11:14:45
845,C,2019-02-22 12:16:15
887,C,2019-02-22 13:53:31
164,C,2019-02-22 16:06:31
639,A,2019-02-23 04:51:36
700,B,2019-02-23 11:05:48
406,B,2019-02-23 14:11:32
356,D,2019-02-23 15:12:57
234,D,2019-02-23 23:54:19
75,C,2019-02-24 08:28:22
946,C,2019-02-25 02:29:14
895,C,2019-02-25 03:30:29
896,C,2019-02-25 17:15:40
652,D,2019-02-25 21:15:55
42,C,2019-02-26 13:43:42
885,F,2019-02-26 17:57:48
603,D,2019-02-27 05:01:26
768,F,2019-02-28 00:59:44
880,C,2019-03-01 09:15:47
671,A,2019-03-01 09:42:54
123,C,2019-03-01 22:41:19
421,C,2019-03-01 23:01:13
176,D,2019-03-02 21:27:03
951,A,2019-03-03 01:03:08
274,D,2019-03-03 16:55:39
569,B,2019-03-03 23:18:59
15,B,2019-03-04 08:02:13
831,E,2019-03-04 13:32:27
644,F,2019-03-04 15:45:03
168,C,2019-03-05 14:53:24
155,D,2019-03-06 07:56:55
126,C,2019-03-06 22:22:03
808,B,2019-03-07 09:33:42
532,C,2019-03-07 20:20:40
474,B,2019-03-08 00:04:37
946,B,2019-03-08 12:55:20
876,A,2019-03-08 20:11:19
863,C,2019-03-08 22:44:15
880,C,2019-03-09 02:29:01
146,D,2019-03-09 05:43:53
859,F,2019-03-09 06:42:28
727,E,2019-03-09 08:44:42
882,F,2019-03-09 11:00:49
422,C,2019-03-09 12:01:19
92,C,2019-03-09 12:22:59
280,D,2019-03-09 13:23:44
6,B,2019-03-09 15:16:27
951,B,2019-03-09 18:09:30
241,D,2019-03-09 20:54:27
709,E,2019-03-10 01:45:17
765,A,2019-03-10 11:35:02
48,C,2019-03-10 21:07:32
967,D,2019-03-11 03:41:48
620,C,2019-03-11 10:54:33
108,C,2019-03-11 21:40:47
812,E,2019-03-12 12:17:29
561,B,2019-03-13 16:12:42
686,E,2019-03-13 21:34:29
527,C,2019-03-13 22:38:18
858,D,2019-03-13 22:59:11
834,B,2019-03-14 19:03:26
864,B,2019-03-15 05:23:18
704,F,2019-03-15 06:21:25
706,A,2019-03-15 09:34:01
480,C,2019-03-16 18:57:45
562,D,2019-03-17 02:57:36
128,C,2019-03-17 03:10:48
221,B,2019-03-17 05:06:19
587,B,2019-03-17 09:55:50
132,C,2019-03-17 10:38:08
357,D,2019-03-17 13:04:19
218,C,2019-03-18 03:22:13
802,E,2019-03-18 08:51:12
739,F,2019-03-18 09:36:16
19,C,2019-03-18 15:08:58
755,C,2019-03-18 19:48:41
486,C,2019-03-19 06:10:24
607,C,2019-03-19 16:46:45
972,D,2019-03-19 20:22:45
747,E,2019-03-19 20:23:10
555,B,2019-03-20 08:05:50
49,B,2019-03-20 17:22:21
648,F,2019-03-20 19:30:01
609,B,2019-03-21 03:15:44
940,E,2019-03-21 10:16:09
927,F,2019-03-21 11:59:19
188,C,2019-03-21 17:14:00
832,E,2019-03-21 18:05:46
704,F,2019-03-21 23:08:51
498,D,2019-03-22 04:45:04
362,C,2019-03-22 16:35:17
120,B,2019-03-22 18:37:21
852,C,2019-03-22 20:39:47
917,F,2019-03-22 21:00:20
369,D,2019-03-22 23:51:56
285,D,2019-03-23 00:49:37
796,B,2019-03-23 05:20:43
780,A,2019-03-23 05:30:04
744,F,2019-03-23 09:18:37
89,C,2019-03-24 05:20:09
514,B,2019-03-24 06:14:00
461,B,2019-03-25 06:06:10
434,C,2019-03-26 06:47:58
77,C,2019-03-27 23:33:34
427,C,2019-03-28 00:51:55
239,B,2019-03-28 04:45:08
673,F,2019-03-28 19:01:34
678,B,2019-03-28 19:12:11
972,C,2019-03-30 00:44:42
316,C,2019-03-30 02:27:11
634,A,2019-03-30 04:17:36
298,C,2019-03-30 08:20:11
900,E,2019-03-30 15:51:57
827,B,2019-03-30 16:00:24
795,C,2019-03-31 15:29:36
538,B,2019-03-31 16:49:00
60,B,2019-03-31 23:18:57
865,D,2019-03-31 23:44:03
620,C,2019-04-01 04:07:44
620,D,2019-04-01 04:29:16
189,B,2019-04-01 06:27:10
467,B,2019-04-01 11:51:15
154,C,2019-04-02 03:04:31
737,B,2019-04-02 08:22:37
801,A,2019-04-02 08:26:26
263,C,2019-04-02 13:21:06
275,C,2019-04-02 19:41:40
24,C,2019-04-03 10:40:10
713,E,2019-04-03 23:40:53
906,D,2019-04-04 01:23:08
204,C,2019-04-04 07:36:45
851,A,2019-04-04 18:05:44
103,B,2019-04-04 21:23:52
636,E,2019-04-05 15:45:14
935,C,2019-04-05 18:32:29
865,E,2019-04-05 21:05:38
943,D,2019-04-06 13:44:31
734,E,2019-04-06 20:26:21
606,E,2019-04-07 02:48:51
684,A,2019-04-07 07:47:53
520,B,2019-04-07 12:07:03
431,B,2019-04-08 08:03:29
682,B,2019-04-08 15:36:41
147,C,2019-04-08 16:02:32
60,C,2019-04-08 21:42:29
580,B,2019-04-08 23:04:29
728,A,2019-04-09 01:33:42
933,D,2019-04-09 11:56:19
893,F,2019-04-10 22:46:43
947,F,2019-04-11 05:12:20
758,D,2019-04-12 00:49:49
884,A,2019-04-12 03:37:15
645,E,2019-04-12 09:32:50
947,F,2019-04-12 11:43:11
667,C,2019-04-12 18:17:26
789,F,2019-04-12 18:31:17
42,D,2019-04-12 23:37:27
135,C,2019-04-13 04:02:20
77,D,2019-04-13 14:38:04
815,F,2019-04-13 15:31:32
555,C,2019-04-13 19:54:43
741,E,2019-04-15 02:06:53
334,B,2019-04-15 10:37:37
818,E,2019-04-15 20:37:23
171,D,2019-04-16 00:12:06
130,C,2019-04-16 01:35:53
853,F,2019-04-16 05:45:34
318,C,2019-04-16 11:19:00
368,C,2019-04-16 12:55:17
632,A,2019-04-16 13:23:58
822,D,2019-04-16 20:15:18
497,B,2019-04-17 07:12:57
850,D,2019-04-17 17:40:04
262,D,2019-04-18 02:01:19
398,B,2019-04-18 10:03:46
135,D,2019-04-18 15:21:39
789,E,2019-04-18 23:08:49
418,C,2019-04-18 23:18:27
547,C,2019-04-18 23:32:21
281,C,2019-04-20 00:37:37
801,D,2019-04-21 03:05:59
663,C,2019-04-21 07:53:38
143,C,2019-04-21 10:37:42
740,B,2019-04-21 21:12:46
40,B,2019-04-22 12:27:31
933,B,2019-04-22 12:53:14
700,F,2019-04-22 14:11:06
299,B,2019-04-22 14:49:49
605,D,2019-04-22 15:45:22
399,D,2019-04-22 20:30:18
542,C,2019-04-23 04:30:42
52,B,2019-04-23 07:03:48
827,F,2019-04-23 11:02:43
751,D,2019-04-23 13:23:45
270,C,2019-04-24 06:04:37
605,F,2019-04-24 11:00:19
239,C,2019-04-24 18:41:05
894,E,2019-04-24 22:41:24
601,D,2019-04-25 03:53:17
97,B,2019-04-25 05:54:06
544,D,2019-04-25 07:52:09
499,C,2019-04-25 13:49:25
496,C,2019-04-25 19:36:18
615,E,2019-04-25 19:55:40
320,C,2019-04-26 00:02:49
887,C,2019-04-26 05:55:15
132,D,2019-04-26 09:58:49
237,C,2019-04-26 16:15:29
439,C,2019-04-26 21:00:53
71,C,2019-04-27 01:27:11
833,B,2019-04-27 04:58:22
500,C,2019-04-27 06:38:20
728,C,2019-04-27 08:59:58
69,C,2019-04-27 10:37:27
842,B,2019-04-27 14:05:16
802,D,2019-04-27 15:35:17
547,D,2019-04-27 16:29:05
341,C,2019-04-27 21:08:50
626,E,2019-04-28 01:38:17
756,C,2019-04-28 05:32:47
397,C,2019-04-28 18:21:19
934,A,2019-04-28 23:28:24
430,B,2019-04-29 00:52:49
392,D,2019-04-29 07:37:01
708,C,2019-04-29 10:38:56
723,D,2019-04-29 17:43:20
266,C,2019-04-30 01:14:55
466,C,2019-04-30 12:11:25
405,C,2019-04-30 20:50:21
724,F,2019-04-30 23:27:29
836,F,2019-05-01 15:55:22
279,D,2019-05-01 20:32:47
400,B,2019-05-02 00:26:52
255,C,2019-05-02 05:45:48
514,C,2019-05-02 12:56:32
226,B,2019-05-02 13:22:55
299,C,2019-05-02 15:07:49
51,C,2019-05-02 19:11:40
725,D,2019-05-03 01:06:13
631,B,2019-05-03 08:57:45
771,A,2019-05-04 02:08:25
969,F,2019-05-04 08:43:48
40,C,2019-05-04 20:19:07
831,A,2019-05-04 23:24:10
48,D,2019-05-05 12:10:42
954,F,2019-05-05 17:24:35
971,E,2019-05-05 19:29:32
227,C,2019-05-05 21:35:26
233,B,2019-05-06 02:42:08
914,E,2019-05-06 15:09:49
150,D,2019-05-06 15:58:54
777,C,2019-05-06 19:59:56
113,B,2019-05-06 20:10:31
961,C,2019-05-07 12:06:41
989,E,2019-05-07 12:26:38
537,B,2019-05-08 06:03:39
413,C,2019-05-08 11:52:59
82,C,2019-05-08 12:59:18
715,F,2019-05-08 15:25:23
814,C,2019-05-08 15:58:13
944,F,2019-05-08 18:34:30
917,F,2019-05-09 01:19:22
149,D,2019-05-09 05:20:11
302,D,2019-05-09 15:29:58
964,B,2019-05-10 21:48:29
104,C,2019-05-11 00:47:00
817,E,2019-05-11 15:32:26
509,D,2019-05-11 19:24:33
407,C,2019-05-11 22:18:14
611,B,2019-05-11 23:29:27
291,D,2019-05-12 07:09:11
959,F,2019-05-12 11:11:06
941,F,2019-05-12 18:11:20
981,A,2019-05-12 19:21:53
346,B,2019-05-13 04:56:02
328,C,2019-05-13 05:23:16
981,C,2019-05-13 14:43:14
8,C,2019-05-13 20:55:29
984,D,2019-05-13 22:01:54
267,B,2019-05-14 03:43:12
699,A,2019-05-14 16:17:43
290,B,2019-05-14 18:22:37
484,C,2019-05-14 20:19:01
372,C,2019-05-15 23:22:52
567,D,2019-05-16 02:56:36
7,B,2019-05-16 07:21:45
581,D,2019-05-17 03:13:47
503,C,2019-05-17 04:13:33
707,D,2019-05-17 06:31:36
153,C,2019-05-17 06:41:57
687,D,2019-05-17 13:08:10
416,B,2019-05-17 13:19:21
598,D,2019-05-18 00:39:49
325,C,2019-05-18 05:29:08
299,D,2019-05-18 23:25:21
644,F,2019-05-19 12:30:07
768,F,2019-05-19 21:10:41
949,A,2019-05-20 02:15:03
998,B,2019-05-20 04:10:27
785,E,2019-05-20 07:25:40
250,C,2019-05-21 07:26:20
342,C,2019-05-21 08:14:10
347,C,2019-05-21 18:31:14
941,F,2019-05-21 23:41:36
649,A,2019-05-23 10:48:56
661,A,2019-05-23 20:55:33
148,C,2019-05-23 22:37:56
92,D,2019-05-24 19:08:06
542,D,2019-05-25 16:20:57
253,C,2019-05-25 17:04:15
510,C,2019-05-25 19:53:04
597,C,2019-05-26 03:40:15
475,B,2019-05-26 09:01:30
15,C,2019-05-26 10:34:56
354,C,2019-05-26 18:57:21
663,A,2019-05-27 12:58:01
772,F,2019-05-27 19:45:57
877,E,2019-05-27 21:15:20
635,A,2019-05-28 14:16:17
746,B,2019-05-28 18:51:37
20,B,2019-05-29 01:53:38
994,F,2019-05-29 02:57:44
742,E,2019-05-29 04:58:18
230,B,2019-05-29 12:53:54
977,D,2019-05-29 12:58:15
592,B,2019-05-29 16:44:27
97,C,2019-05-30 11:40:21
6,C,2019-05-31 08:46:43
851,F,2019-05-31 13:00:32
162,D,2019-05-31 22:07:15
39,C,2019-05-31 23:13:27
533,D,2019-06-01 09:40:28
183,C,2019-06-02 08:51:56
488,C,2019-06-02 09:31:50
860,B,2019-06-02 13:38:56
744,A,2019-06-03 11:49:12
385,D,2019-06-03 12:22:21
198,C,2019-06-03 21:24:48
383,B,2019-06-03 23:45:19
515,D,2019-06-04 04:23:03
641,B,2019-06-04 16:42:47
699,A,2019-06-04 20:47:26
858,D,2019-06-05 04:23:40
558,D,2019-06-05 06:28:10
634,F,2019-06-06 01:24:23
825,F,2019-06-07 00:26:53
952,E,2019-06-07 11:30:55
999,E,2019-06-07 11:54:09
416,C,2019-06-07 11:55:46
479,B,2019-06-07 12:34:18
906,C,2019-06-08 01:24:08
178,D,2019-06-08 04:16:40
94,B,2019-06-08 09:41:01
576,B,2019-06-09 04:24:23
334,C,2019-06-10 12:22:14
812,D,2019-06-10 15:27:13
698,B,2019-06-10 19:39:24
556,C,2019-06-11 10:11:37
686,D,2019-06-11 16:39:25
557,C,2019-06-12 04:23:52
306,D,2019-06-12 11:28:18
583,C,2019-06-13 00:20:55
138,B,2019-06-13 05:29:54
602,A,2019-06-14 04:01:43
849,C,2019-06-14 21:52:46
37,D,2019-06-16 01:37:23
55,C,2019-06-16 04:28:46
559,C,2019-06-16 05:38:24
27,B,2019-06-16 11:58:57
625,E,2019-06-16 18:54:38
834,F,2019-06-16 20:51:41
326,B,2019-06-17 18:18:40
789,D,2019-06-18 10:23:49
128,D,2019-06-19 05:52:54
197,B,2019-06-19 07:14:12
879,E,2019-06-19 16:42:08
121,C,2019-06-19 21:19:21
213,C,2019-06-19 22:23:06
459,B,2019-06-21 22:21:36
747,A,2019-06-22 04:42:04
179,B,2019-06-22 08:37:25
307,B,2019-06-22 21:16:18
597,D,2019-06-23 19:42:26
791,C,2019-06-24 01:19:57
200,B,2019-06-24 12:48:24
755,F,2019-06-24 12:59:04
7,C,2019-06-24 19:16:53
829,F,2019-06-25 20:58:57
721,C,2019-06-26 07:52:25
935,A,2019-06-26 08:24:54
472,C,2019-06-26 23:49:10
166,C,2019-06-27 01:02:35
484,D,2019-06-27 11:06:46
796,C,2019-06-27 15:17:03
395,B,2019-06-27 18:13:30
386,D,2019-06-28 03:06:14
381,B,2019-06-29 14:08:23
172,C,2019-06-30 10:45:17
257,C,2019-06-30 23:53:01
99,B,2019-07-01 21:40:05
423,B,2019-07-01 22:12:19
488,D,2019-07-02 14:18:31
275,D,2019-07-02 17:33:45
787,A,2019-07-02 17:40:31
910,B,2019-07-02 21:45:46
531,C,2019-07-03 01:23:36
70,C,2019-07-03 04:29:11
926,D,2019-07-03 15:57:34
511,C,2019-07-03 16:33:34
653,C,2019-07-03 18:07:28
955,B,2019-07-04 23:39:57
806,D,2019-07-05 12:31:34
129,B,2019-07-05 14:29:37
788,C,2019-07-05 20:20:50
142,B,2019-07-06 04:30:26
586,C,2019-07-06 14:27:30
602,E,2019-07-06 16:44:03
667,A,2019-07-07 00:41:44
780,E,2019-07-07 03:37:34
189,C,2019-07-07 09:16:30
745,E,2019-07-07 11:51:38
667,C,2019-07-07 15:07:39
829,B,2019-07-07 20:55:52
206,B,2019-07-08 01:28:24
126,D,2019-07-08 03:41:48
681,A,2019-07-08 17:03:52
605,D,2019-07-08 18:22:46
27,C,2019-07-09 03:53:32
659,A,2019-07-09 05:36:34
887,D,2019-07-10 11:41:03
235,C,2019-07-10 15:18:33
254,D,2019-07-10 23:25:47
375,D,2019-07-11 22:52:19
215,C,2019-07-11 23:25:20
604,A,2019-07-12 10:40:18
651,F,2019-07-12 13:20:25
882,A,2019-07-12 20:32:36
90,B,2019-07-13 07:21:24
115,B,2019-07-13 07:24:26
977,C,2019-07-13 09:39:56
179,C,2019-07-13 11:22:48
844,A,2019-07-13 22:45:31
67,B,2019-07-14 08:21:16
127,C,2019-07-14 12:10:10
419,C,2019-07-14 16:01:39
81,C,2019-07-14 16:27:05
156,B,2019-07-14 21:36:13
785,F,2019-07-15 01:19:35
446,B,2019-07-15 03:01:05
661,D,2019-07-15 12:08:49
39,D,2019-07-15 12:10:24
343,B,2019-07-15 15:46:47
809,A,2019-07-16 02:18:22
852,B,2019-07-16 07:19:19
20,C,2019-07-16 21:40:23
991,B,2019-07-17 16:23:44
707,D,2019-07-17 22:47:37
353,B,2019-07-18 02:41:03
995,B,2019-07-18 05:45:36
210,C,2019-07-18 15:06:17
231,C,2019-07-19 01:02:08
608,B,2019-07-19 14:24:17
733,D,2019-07-19 19:42:52
757,C,2019-07-19 21:03:09
807,B,2019-07-20 00:54:23
806,F,2019-07-20 03:56:51
825,A,2019-07-20 12:15:45
295,B,2019-07-20 18:19:09
741,D,2019-07-20 18:50:24
680,A,2019-07-21 10:26:24
326,C,2019-07-21 11:44:15
942,E,2019-07-21 13:02:58
428,B,2019-07-22 03:39:54
412,C,2019-07-22 06:08:29
453,C,2019-07-23 13:29:17
814,C,2019-07-24 01:46:29
685,B,2019-07-24 02:20:17
435,D,2019-07-25 18:13:56
666,B,2019-07-26 00:16:51
28,B,2019-07-26 08:33:59
710,D,2019-07-27 17:18:47
639,F,2019-07-27 20:12:40
340,B,2019-07-28 06:45:04
595,C,2019-07-28 10:55:44
260,D,2019-07-29 18:58:55
734,C,2019-07-30 00:49:09
569,C,2019-07-30 13:48:46
80,C,2019-07-30 22:17:39
351,C,2019-07-31 01:10:06
238,C,2019-07-31 01:13:18
611,C,2019-07-31 04:57:10
761,F,2019-07-31 11:05:07
192,C,2019-07-31 14:46:14
616,C,2019-08-01 05:08:26
991,F,2019-08-01 06:13:23
726,A,2019-08-02 04:57:35
987,B,2019-08-02 05:07:25
29,C,2019-08-02 05:41:03
690,C,2019-08-02 06:25:08
625,A,2019-08-03 11:07:25
574,C,2019-08-03 19:16:06
276,D,2019-08-03 20:15:47
473,B,2019-08-03 22:57:55
247,D,2019-08-04 08:17:06
543,C,2019-08-04 11:46:43
923,F,2019-08-04 12:05:38
894,D,2019-08-05 01:57:26
459,C,2019-08-05 03:54:58
952,C,2019-08-05 07:24:04
529,C,2019-08-05 11:00:06
220,D,2019-08-06 01:23:19
913,F,2019-08-06 04:12:01
728,D,2019-08-06 11:11:17
800,B,2019-08-06 11:49:35
4,C,2019-08-06 23:58:08
754,C,2019-08-07 14:57:00
430,C,2019-08-07 17:12:07
429,B,2019-08-07 19:57:51
665,E,2019-08-08 03:23:56
143,D,2019-08-09 02:00:51
626,A,2019-08-09 03:23:58
663,A,2019-08-09 09:14:04
964,B,2019-08-09 22:02:01
642,B,2019-08-10 03:40:33
983,A,2019-08-10 20:18:44
821,F,2019-08-10 21:58:04
982,D,2019-08-11 01:24:49
732,E,2019-08-11 17:07:41
923,B,2019-08-11 18:42:22
759,A,2019-08-12 04:28:01
799,C,2019-08-12 07:13:39
211,B,2019-08-12 13:08:21
16,D,2019-08-12 14:00:04
584,B,2019-08-13 08:48:34
142,C,2019-08-13 17:08:28
645,D,2019-08-13 19:03:33
973,E,2019-08-13 20:58:06
117,C,2019-08-13 21:01:14
463,C,2019-08-13 21:03:08
223,B,2019-08-13 22:38:48
992,A,2019-08-14 08:00:50
915,A,2019-08-14 16:59:02
505,C,2019-08-14 18:29:42
73,C,2019-08-14 19:57:41
36,C,2019-08-15 03:35:47
379,D,2019-08-15 06:31:34
518,C,2019-08-15 07:40:39
781,C,2019-08-15 08:25:23
517,B,2019-08-15 15:12:27
985,B,2019-08-16 16:10:09
368,D,2019-08-17 00:14:12
309,B,2019-08-17 07:38:55
452,D,2019-08-17 07:50:37
613,D,2019-08-17 13:30:30
339,C,2019-08-18 02:13:01
221,C,2019-08-18 04:53:24
191,B,2019-08-18 12:04:19
635,B,2019-08-18 16:18:01
478,D,2019-08-18 16:27:48
751,D,2019-08-19 00:28:37
826,A,2019-08-19 02:27:15
344,D,2019-08-19 06:42:20
664,C,2019-08-19 12:59:57
625,D,2019-08-20 08:33:45
313,C,2019-08-21 03:22:53
804,B,2019-08-21 23:36:35
72,D,2019-08-22 12:49:48
238,D,2019-08-22 13:34:50
370,C,2019-08-23 04:39:30
752,B,2019-08-23 18:23:40
626,C,2019-08-24 01:57:46
930,B,2019-08-24 06:13:31
563,B,2019-08-24 16:48:00
534,B,2019-08-24 18:16:56
909,E,2019-08-25 00:25:15
284,D,2019-08-25 01:08:07
693,E,2019-08-25 03:12:27
997,B,2019-08-25 11:52:27
355,B,2019-08-25 14:38:05
708,B,2019-08-25 21:23:47
223,C,2019-08-27 18:12:05
332,C,2019-08-27 19:57:11
462,C,2019-08-27 19:59:21
315,B,2019-08-28 01:21:25
269,B,2019-08-28 05:21:50
424,B,2019-08-28 22:41:24
625,D,2019-08-29 19:01:46
450,D,2019-08-30 01:23:22
717,C,2019-08-30 12:54:09
844,C,2019-08-30 15:38:14
705,A,2019-08-31 19:35:03
903,B,2019-09-01 09:33:29
830,A,2019-09-01 12:20:37
716,B,2019-09-01 12:59:19
749,E,2019-09-01 19:45:17
429,C,2019-09-02 07:29:33
809,B,2019-09-02 07:32:22
460,C,2019-09-02 13:02:39
897,E,2019-09-02 23:53:09
633,C,2019-09-03 00:36:20
792,D,2019-09-03 01:07:01
394,D,2019-09-04 00:39:25
113,C,2019-09-04 01:24:40
782,B,2019-09-04 14:06:25
896,A,2019-09-05 00:19:35
139,C,2019-09-05 02:33:20
538,C,2019-09-06 04:05:14
614,B,2019-09-06 09:47:07
668,D,2019-09-06 10:48:02
651,A,2019-09-06 14:19:36
839,E,2019-09-06 19:10:53
428,C,2019-09-07 00:51:40
249,C,2019-09-07 01:57:38
758,A,2019-09-07 03:02:30
61,B,2019-09-07 10:44:22
96,B,2019-09-07 17:21:39
815,D,2019-09-07 18:31:49
52,C,2019-09-07 21:31:25
124,C,2019-09-09 02:44:26
587,C,2019-09-09 13:06:26
898,C,2019-09-09 21:21:58
905,C,2019-09-09 22:16:01
652,C,2019-09-09 23:39:29
401,B,2019-09-10 02:32:01
185,C,2019-09-10 07:37:39
387,D,2019-09-11 03:25:29
905,D,2019-09-11 03:37:39
812,B,2019-09-11 15:16:43
687,C,2019-09-11 19:41:30
2,C,2019-09-13 01:21:26
34,D,2019-09-13 02:00:49
997,C,2019-09-13 02:42:36
945,D,2019-09-13 03:30:35
911,B,2019-09-13 15:40:50
246,C,2019-09-13 16:07:00
248,C,2019-09-13 18:31:59
743,B,2019-09-13 20:42:23
892,B,2019-09-15 02:15:53
184,C,2019-09-16 00:39:24
141,C,2019-09-16 12:20:54
776,E,2019-09-16 14:13:27
898,B,2019-09-17 00:50:05
454,C,2019-09-17 06:54:48
981,C,2019-09-17 14:33:55
140,C,2019-09-17 18:19:57
376,D,2019-09-18 04:29:02
676,E,2019-09-18 07:53:20
545,C,2019-09-18 09:46:31
119,D,2019-09-19 00:41:15
761,B,2019-09-19 09:27:00
526,D,2019-09-19 12:11:47
190,D,2019-09-20 13:09:53
74,B,2019-09-21 01:31:53
492,C,2019-09-21 01:33:49
628,C,2019-09-21 14:18:14
661,A,2019-09-21 15:35:25
739,E,2019-09-22 01:47:39
432,D,2019-09-22 04:22:10
723,C,2019-09-22 11:36:29
828,C,2019-09-22 22:43:16
96,C,2019-09-23 08:10:08
433,C,2019-09-23 20:53:47
795,C,2019-09-24 00:45:48
662,B,2019-09-24 04:20:20
430,D,2019-09-24 05:22:44
806,C,2019-09-24 08:31:43
49,C,2019-09-24 19:55:06
757,B,2019-09-24 20:08:17
904,A,2019-09-24 22:37:52
819,F,2019-09-25 06:56:44
902,E,2019-09-25 09:37:23
321,C,2019-09-25 10:19:25
643,D,2019-09-26 08:52:11
777,E,2019-09-26 11:11:00
828,B,2019-09-26 22:38:27
440,D,2019-09-27 00:54:08
349,D,2019-09-27 03:30:31
807,E,2019-09-27 06:55:52
729,C,2019-09-27 12:29:37
659,D,2019-09-27 22:10:03
338,C,2019-09-28 04:00:27
831,F,2019-09-28 15:48:10
209,C,2019-09-28 20:10:17
62,C,2019-09-28 22:21:59
534,C,2019-09-29 02:43:57
75,D,2019-09-29 04:49:59
366,C,2019-09-29 08:51:26
756,B,2019-09-29 14:48:36
594,C,2019-09-30 01:41:40
993,A,2019-09-30 01:44:36
877,E,2019-09-30 06:18:41
793,D,2019-09-30 15:12:56
153,D,2019-09-30 18:56:24
641,B,2019-10-01 16:20:47
195,C,2019-10-02 01:39:22
678,C,2019-10-02 08:50:03
256,C,2019-10-02 21:39:06
963,A,2019-10-03 04:46:16
749,B,2019-10-03 05:45:41
707,E,2019-10-03 07:56:06
244,D,2019-10-03 22:16:44
720,B,2019-10-03 23:12:42
678,B,2019-10-05 02:17:46
697,B,2019-10-05 17:26:53
616,F,2019-10-05 19:33:34
774,E,2019-10-06 20:54:06
245,C,2019-10-07 00:20:39
906,C,2019-10-07 14:02:54
609,E,2019-10-07 15:17:02
863,A,2019-10-07 17:48:57
983,E,2019-10-08 10:59:37
650,C,2019-10-08 21:04:28
891,B,2019-10-09 05:06:31
744,F,2019-10-09 13:45:46
229,C,2019-10-10 04:31:23
611,E,2019-10-10 12:04:24
497,C,2019-10-11 03:09:19
937,C,2019-10-11 04:01:14
974,C,2019-10-11 08:22:36
82,D,2019-10-11 20:58:16
290,C,2019-10-12 00:49:13
315,C,2019-10-12 06:17:49
851,B,2019-10-12 10:55:46
883,F,2019-10-12 16:25:17
768,B,2019-10-13 06:22:08
456,B,2019-10-13 22:40:30
908,A,2019-10-14 04:26:24
800,D,2019-10-14 09:22:15
312,D,2019-10-15 00:34:44
564,D,2019-10-15 06:02:58
5,D,2019-10-15 12:35:52
157,D,2019-10-15 16:56:23
384,C,2019-10-16 00:19:41
350,C,2019-10-16 18:06:21
574,D,2019-10-17 17:14:21
513,C,2019-10-17 20:14:37
129,C,2019-10-17 23:05:42
466,D,2019-10-18 10:34:12
286,C,2019-10-19 08:19:53
319,C,2019-10-19 15:15:49
495,C,2019-10-19 15:58:55
824,C,2019-10-19 17:20:23
888,D,2019-10-19 19:02:19
603,B,2019-10-20 06:21:28
180,C,2019-10-20 06:35:25
854,B,2019-10-20 07:56:49
86,B,2019-10-21 05:54:26
962,E,2019-10-21 11:20:32
415,B,2019-10-21 11:51:22
267,C,2019-10-21 15:11:13
529,D,2019-10-21 15:37:48
84,B,2019-10-21 19:37:37
530,B,2019-10-22 03:22:32
463,D,2019-10-22 08:41:42
549,C,2019-10-22 14:52:52
888,F,2019-10-22 22:30:31
518,D,2019-10-22 22:52:41
922,A,2019-10-22 23:40:13
904,A,2019-10-23 06:00:56
454,D,2019-10-23 21:36:51
859,F,2019-10-24 05:11:52
921,A,2019-10-24 15:46:09
400,C,2019-10-24 15:46:31
202,C,2019-10-24 23:03:29
753,D,2019-10-25 04:31:07
785,F,2019-10-25 09:44:41
400,D,2019-10-25 22:45:24
87,C,2019-10-26 05:39:36
865,A,2019-10-27 10:55:39
14,C,2019-10-27 20:16:55
403,C,2019-10-27 20:57:35
180,D,2019-10-29 19:59:59
63,C,2019-10-30 03:03:55
690,E,2019-10-30 14:03:29
192,D,2019-10-31 14:36:53
734,A,2019-11-01 05:28:21
89,D,2019-11-01 11:16:58
799,F,2019-11-02 22:29:53
600,D,2019-11-03 01:56:40
68,B,2019-11-03 09:50:27
778,C,2019-11-03 17:30:51
1000,A,2019-11-03 21:43:07
13,D,2019-11-03 21:57:14
226,C,2019-11-04 02:13:16
857,A,2019-11-04 02:21:21
902,A,2019-11-04 07:45:24
578,B,2019-11-04 22:28:54
780,A,2019-11-05 00:28:05
225,B,2019-11-05 05:35:49
8,D,2019-11-05 06:46:06
492,D,2019-11-05 15:29:43
411,D,2019-11-05 18:25:22
572,C,2019-11-05 20:22:08
237,D,2019-11-05 20:26:15
265,C,2019-11-05 22:00:19
66,D,2019-11-07 22:23:36
507,B,2019-11-08 03:07:22
759,E,2019-11-08 10:56:19
11,B,2019-11-08 12:11:04
627,A,2019-11-08 16:08:49
88,C,2019-11-09 10:47:33
26,B,2019-11-10 01:10:07
172,D,2019-11-10 20:45:59
563,C,2019-11-11 01:27:53
620,B,2019-11-11 04:06:45
840,E,2019-11-11 06:45:50
528,C,2019-11-11 09:41:32
742,C,2019-11-11 18:51:02
47,D,2019-11-12 02:52:52
57,C,2019-11-12 03:49:32
74,C,2019-11-12 18:44:39
116,C,2019-11-12 22:17:32
998,A,2019-11-12 22:44:06
560,C,2019-11-13 08:04:11
871,E,2019-11-13 11:49:41
835,D,2019-11-14 00:42:43
674,C,2019-11-14 03:49:29
464,C,2019-11-14 08:20:23
797,D,2019-11-15 00:12:28
987,F,2019-11-15 03:01:45
672,E,2019-11-15 04:50:33
70,D,2019-11-15 06:12:14
904,D,2019-11-15 17:11:10
768,E,2019-11-15 18:57:01
196,C,2019-11-15 19:36:15
78,D,2019-11-15 23:16:16
659,F,2019-11-16 05:08:39
780,D,2019-11-16 05:27:49
474,C,2019-11-16 08:33:48
433,D,2019-11-16 09:17:01
23,B,2019-11-16 13:56:15
329,B,2019-11-16 17:40:41
539,C,2019-11-17 22:45:50
380,C,2019-11-18 12:17:42
289,D,2019-11-18 19:08:40
334,D,2019-11-18 23:15:06
907,E,2019-11-18 23:33:39
107,C,2019-11-19 01:48:20
550,C,2019-11-19 09:16:46
282,D,2019-11-19 23:55:26
976,A,2019-11-20 08:23:23
590,C,2019-11-21 02:45:12
346,C,2019-11-21 04:11:55
818,B,2019-11-21 14:44:54
733,C,2019-11-22 01:28:42
512,C,2019-11-22 02:21:23
582,C,2019-11-22 02:53:29
336,C,2019-11-22 14:39:17
952,A,2019-11-22 23:45:30
308,C,2019-11-23 19:26:11
217,C,2019-11-24 03:14:12
716,D,2019-11-24 17:33:11
261,C,2019-11-25 15:01:50
112,C,2019-11-25 23:18:27
353,C,2019-11-26 03:22:05
111,C,2019-11-26 03:25:41
669,B,2019-11-26 13:42:42
370,D,2019-11-26 17:36:16
196,D,2019-11-27 03:37:33
353,D,2019-11-27 05:56:43
395,C,2019-11-27 07:32:59
273,D,2019-11-27 19:15:12
810,D,2019-11-28 07:52:17
750,A,2019-11-28 18:28:12
184,D,2019-11-28 20:03:35
340,C,2019-11-29 00:12:43
875,E,2019-11-29 18:04:13
969,C,2019-11-30 00:40:59
582,D,2019-11-30 01:33:19
252,C,2019-11-30 05:24:31
590,D,2019-11-30 10:46:09
682,E,2019-11-30 12:11:56
710,F,2019-11-30 14:13:05
446,C,2019-11-30 14:33:59
329,C,2019-11-30 15:23:18
714,B,2019-12-01 05:33:16
979,D,2019-12-01 20:00:09
232,C,2019-12-02 04:03:39
86,C,2019-12-02 05:02:58
775,F,2019-12-02 09:39:02
123,D,2019-12-02 15:05:16
980,F,2019-12-02 23:48:09
658,C,2019-12-03 06:34:09
930,E,2019-12-03 12:09:03
382,B,2019-12-03 13:41:45
513,D,2019-12-03 16:11:11
954,A,2019-12-03 16:28:03
163,C,2019-12-03 20:43:10
898,D,2019-12-04 01:22:42
989,C,2019-12-04 09:54:17
694,F,2019-12-04 15:12:11
815,F,2019-12-04 23:02:55
464,D,2019-12-05 05:04:29
664,A,2019-12-05 07:12:47
653,F,2019-12-05 17:30:22
215,D,2019-12-06 00:55:15
670,B,2019-12-06 01:17:45
333,B,2019-12-06 07:57:27
475,C,2019-12-06 09:55:23
194,B,2019-12-06 14:12:16
358,C,2019-12-06 18:45:06
536,C,2019-12-06 21:28:56
94,C,2019-12-07 10:03:56
550,D,2019-12-07 15:00:38
839,B,2019-12-07 15:21:52
987,C,2019-12-07 22:13:49
189,D,2019-12-08 02:11:42
264,C,2019-12-08 03:59:33
879,F,2019-12-08 05:15:33
687,D,2019-12-08 06:10:18
417,C,2019-12-08 09:50:53
377,C,2019-12-08 21:47:29
348,D,2019-12-08 22:45:11
700,B,2019-12-08 23:00:14
634,E,2019-12-09 05:24:35
571,B,2019-12-09 07:49:23
28,C,2019-12-09 08:18:34
81,D,2019-12-09 11:05:41
814,B,2019-12-09 14:08:43
592,C,2019-12-09 23:56:19
448,C,2019-12-10 07:24:13
240,B,2019-12-10 22:12:26
968,C,2019-12-11 02:38:38
629,D,2019-12-11 07:16:12
167,C,2019-12-11 07:22:06
855,F,2019-12-11 23:35:15
872,E,2019-12-12 15:20:08
113,D,2019-12-13 04:50:56
30,C,2019-12-14 06:28:42
445,C,2019-12-14 06:29:46
937,B,2019-12-14 18:09:29
779,D,2019-12-16 15:55:00
643,B,2019-12-16 20:46:24
921,F,2019-12-17 05:09:40
255,D,2019-12-17 12:16:43
405,D,2019-12-18 10:51:37
978,C,2019-12-18 15:11:39
482,D,2019-12-18 18:32:18
849,A,2019-12-19 00:56:00
109,C,2019-12-19 09:06:28
483,C,2019-12-19 09:30:22
706,B,2019-12-19 22:19:05
636,E,2019-12-20 22:28:37
985,A,2019-12-22 15:01:13
1,D,2019-12-22 15:15:49
476,C,2019-12-23 06:30:33
838,E,2019-12-24 00:34:51
990,C,2019-12-24 01:35:38
843,D,2019-12-24 08:39:22
627,F,2019-12-25 09:26:48
984,E,2019-12-25 18:22:07
519,C,2019-12-27 11:04:47
777,D,2019-12-27 23:07:28
817,C,2019-12-27 23:53:35
664,F,2019-12-29 03:26:02
903,E,2019-12-29 06:54:14
355,C,2019-12-29 08:21:03
628,A,2019-12-29 11:30:36
991,C,2019-12-30 04:24:25
340,D,2019-12-30 10:18:02
677,E,2019-12-30 21:05:44
118,C,2019-12-31 01:18:55
720,E,2019-12-31 13:49:33
689,A,2019-12-31 16:53:50
73,D,2019-12-31 19:48:31
833,A,2020-01-01 07:47:56
713,D,2020-01-01 10:06:21
580,C,2020-01-01 10:56:38
687,E,2020-01-01 14:14:56
36,D,2020-01-01 19:23:28
866,B,2020-01-01 23:09:41
423,C,2020-01-02 20:38:46
409,D,2020-01-03 07:56:03
810,E,2020-01-03 14:43:10
316,D,2020-01-03 15:52:18
946,B,2020-01-03 20:26:58
730,F,2020-01-03 21:16:31
506,B,2020-01-04 03:50:18
783,B,2020-01-04 12:26:40
338,D,2020-01-05 00:21:34
489,B,2020-01-05 02:03:56
729,A,2020-01-05 10:00:28
900,A,2020-01-05 23:33:18
461,C,2020-01-06 03:29:46
249,D,2020-01-06 11:58:57
655,B,2020-01-06 13:15:14
319,D,2020-01-06 17:53:18
410,C,2020-01-07 06:23:28
777,F,2020-01-07 09:25:34
880,D,2020-01-07 10:35:18
519,D,2020-01-07 12:38:03
953,F,2020-01-07 13:40:38
383,C,2020-01-07 18:11:25
776,C,2020-01-07 19:07:24
861,A,2020-01-07 21:57:44
934,C,2020-01-07 23:43:00
191,C,2020-01-08 02:15:35
877,E,2020-01-08 22:04:31
168,D,2020-01-08 23:14:18
451,C,2020-01-09 08:20:42
628,E,2020-01-09 12:58:49
949,D,2020-01-10 03:55:16
303,B,2020-01-10 10:35:40
923,D,2020-01-10 23:00:12
22,D,2020-01-12 09:27:37
431,C,2020-01-12 11:26:17
735,E,2020-01-12 15:37:12
424,C,2020-01-12 18:38:22
733,A,2020-01-12 23:18:47
552,C,2020-01-13 13:55:00
373,B,2020-01-13 14:31:48
869,C,2020-01-13 15:27:22
253,D,2020-01-14 01:28:31
453,D,2020-01-14 05:24:26
794,B,2020-01-14 15:03:18
807,A,2020-01-14 17:58:57
269,C,2020-01-15 15:22:14
131,D,2020-01-15 15:22:17
137,B,2020-01-15 19:16:30
467,C,2020-01-16 20:10:25
898,C,2020-01-16 23:35:17
672,E,2020-01-17 00:09:56
702,D,2020-01-17 03:04:35
930,D,2020-01-17 18:50:24
343,C,2020-01-18 14:58:01
705,D,2020-01-18 19:51:10
251,C,2020-01-19 00:04:19
383,D,2020-01-19 01:27:08
61,C,2020-01-19 03:23:02
177,C,2020-01-19 13:44:13
688,E,2020-01-19 15:09:24
248,D,2020-01-20 02:46:36
875,A,2020-01-20 13:35:35
926,B,2020-01-20 18:43:42
345,D,2020-01-21 05:28:42
216,C,2020-01-21 08:01:32
11,C,2020-01-22 15:23:17
695,A,2020-01-22 19:16:09
342,D,2020-01-22 23:30:31
878,B,2020-01-23 01:12:31
928,A,2020-01-23 03:35:27
317,C,2020-01-23 18:38:04
584,C,2020-01-24 13:56:36
912,C,2020-01-25 08:34:00
958,D,2020-01-25 13:50:55
890,D,2020-01-25 20:49:05
561,C,2020-01-26 15:14:22
288,C,2020-01-26 19:07:42
115,C,2020-01-27 10:11:17
25,D,2020-01-27 15:31:26
327,C,2020-01-27 17:55:17
666,A,2020-01-27 21:08:05
19,D,2020-01-27 23:59:12
794,F,2020-01-29 07:15:35
823,B,2020-01-29 08:32:59
431,D,2020-01-29 22:51:20
758,B,2020-01-29 23:59:25
40,D,2020-01-30 00:47:10
880,C,2020-01-31 00:34:06
94,D,2020-01-31 02:51:06
138,C,2020-01-31 11:05:00
839,C,2020-01-31 13:24:30
288,D,2020-02-01 06:41:14
816,D,2020-02-01 08:39:19
552,D,2020-02-01 11:24:39
373,C,2020-02-01 13:46:10
388,C,2020-02-02 09:42:39
789,A,2020-02-02 14:44:10
398,C,2020-02-02 23:56:04
754,F,2020-02-03 03:40:57
801,F,2020-02-03 11:00:20
751,E,2020-02-03 11:46:46
693,D,2020-02-03 18:24:58
692,A,2020-02-04 09:20:32
670,E,2020-02-04 11:19:50
688,A,2020-02-05 04:34:42
142,D,2020-02-05 15:29:50
786,E,2020-02-07 19:53:42
811,A,2020-02-08 05:40:11
494,B,2020-02-08 14:47:13
415,C,2020-02-08 15:07:21
791,B,2020-02-08 19:53:42
507,C,2020-02-09 01:19:14
53,C,2020-02-09 02:52:19
677,C,2020-02-09 03:28:23
782,C,2020-02-09 10:16:08
243,C,2020-02-09 12:43:18
576,C,2020-02-09 19:30:17
187,B,2020-02-09 20:02:50
231,D,2020-02-10 18:10:26
9,D,2020-02-10 18:18:31
640,C,2020-02-11 00:14:02
721,B,2020-02-11 00:21:18
283,C,2020-02-11 04:31:42
214,C,2020-02-11 11:17:14
932,C,2020-02-11 12:38:10
227,D,2020-02-11 16:42:27
187,C,2020-02-11 16:58:37
317,D,2020-02-11 17:06:49
101,D,2020-02-11 19:15:17
365,C,2020-02-12 04:53:27
661,A,2020-02-12 05:19:34
961,C,2020-02-12 12:54:10
832,D,2020-02-13 14:10:17
742,A,2020-02-14 17:46:24
540,D,2020-02-15 03:08:04
425,B,2020-02-16 09:06:49
604,D,2020-02-16 10:02:19
975,F,2020-02-16 11:45:36
460,D,2020-02-16 12:29:34
145,C,2020-02-16 21:21:30
381,C,2020-02-17 03:45:23
632,C,2020-02-17 04:14:59
326,D,2020-02-17 09:43:01
378,D,2020-02-17 18:49:12
337,D,2020-02-17 22:02:51
770,F,2020-02-18 02:37:16
33,D,2020-02-18 03:03:01
203,C,2020-02-18 17:43:15
264,D,2020-02-18 18:26:19
414,C,2020-02-19 11:49:59
371,B,2020-02-19 15:59:29
938,C,2020-02-19 17:56:46
522,D,2020-02-20 00:39:23
211,C,2020-02-20 02:49:53
214,D,2020-02-20 04:55:25
991,B,2020-02-20 10:47:26
11,D,2020-02-21 06:14:07
846,C,2020-02-21 07:27:48
660,A,2020-02-21 10:31:20
62,D,2020-02-21 16:28:29
419,D,2020-02-21 16:31:11
668,D,2020-02-21 16:48:19
702,B,2020-02-21 16:53:46
209,D,2020-02-21 23:44:46
318,D,2020-02-22 03:35:17
416,D,2020-02-22 04:04:04
339,D,2020-02-22 04:24:57
410,D,2020-02-22 09:11:14
116,D,2020-02-22 14:06:45
246,D,2020-02-22 15:01:56
939,F,2020-02-22 15:20:40
396,D,2020-02-22 23:21:47
696,B,2020-02-23 06:36:17
660,D,2020-02-23 11:35:43
665,B,2020-02-23 23:12:48
960,D,2020-02-24 02:22:16
618,A,2020-02-24 17:46:32
841,E,2020-02-24 19:27:10
898,D,2020-02-25 00:39:36
910,A,2020-02-25 01:09:28
372,D,2020-02-26 04:21:34
852,D,2020-02-27 04:14:07
966,C,2020-02-27 23:23:39
661,E,2020-02-28 16:50:12
758,D,2020-02-29 08:15:51
393,D,2020-03-01 01:01:45
343,D,2020-03-01 03:22:01
794,C,2020-03-01 05:13:36
325,D,2020-03-01 09:35:53
182,B,2020-03-02 04:37:41
766,A,2020-03-02 13:13:47
341,D,2020-03-02 15:56:06
875,A,2020-03-03 13:01:18
230,C,2020-03-03 22:25:29
642,D,2020-03-04 05:26:59
83,C,2020-03-04 11:57:01
88,D,2020-03-04 12:48:37
858,C,2020-03-04 12:58:41
825,E,2020-03-04 16:50:06
578,C,2020-03-05 10:46:16
277,B,2020-03-05 15:01:21
980,C,2020-03-05 23:51:59
994,F,2020-03-06 19:31:14
313,D,2020-03-06 22:28:37
12,C,2020-03-07 13:02:25
225,C,2020-03-07 15:25:41
314,D,2020-03-08 01:43:37
173,C,2020-03-08 03:09:10
593,C,2020-03-08 07:41:38
517,C,2020-03-08 16:15:40
437,C,2020-03-09 02:07:03
915,E,2020-03-09 02:31:55
857,B,2020-03-09 06:54:33
134,C,2020-03-09 18:22:32
791,D,2020-03-09 19:25:10
164,D,2020-03-10 07:14:21
277,C,2020-03-10 16:42:31
817,C,2020-03-11 01:36:50
681,D,2020-03-11 11:21:25
830,F,2020-03-11 12:20:58
38,C,2020-03-11 13:29:49
503,D,2020-03-11 18:16:00
495,D,2020-03-12 14:11:14
797,D,2020-03-12 15:12:34
933,A,2020-03-12 15:38:04
792,E,2020-03-13 03:31:02
442,D,2020-03-13 15:27:41
684,E,2020-03-13 16:13:26
754,C,2020-03-13 20:20:33
743,A,2020-03-13 23:41:16
890,D,2020-03-14 05:58:36
156,C,2020-03-14 16:13:03
156,D,2020-03-15 03:32:27
827,B,2020-03-15 04:08:04
24,D,2020-03-15 05:08:52
374,C,2020-03-15 06:19:08
644,F,2020-03-15 13:13:58
7,D,2020-03-16 06:23:36
524,D,2020-03-16 07:45:16
901,D,2020-03-16 09:18:59
637,F,2020-03-16 21:22:40
188,D,2020-03-16 23:15:44
987,A,2020-03-17 05:40:14
915,C,2020-03-17 08:29:41
922,C,2020-03-17 11:22:31
793,A,2020-03-17 14:09:14
619,D,2020-03-17 18:04:09
637,B,2020-03-18 05:29:42
311,D,2020-03-18 14:26:25
980,F,2020-03-18 18:48:41
159,C,2020-03-19 03:34:08
846,B,2020-03-19 03:47:07
240,C,2020-03-19 19:04:07
915,E,2020-03-19 21:14:27
942,A,2020-03-20 00:36:43
946,A,2020-03-20 06:03:55
595,D,2020-03-20 07:00:30
296,D,2020-03-20 15:39:46
397,D,2020-03-21 02:03:12
197,C,2020-03-21 07:11:16
800,B,2020-03-21 19:19:04
258,D,2020-03-22 01:15:43
919,A,2020-03-22 10:44:41
303,C,2020-03-22 22:18:13
859,F,2020-03-22 23:57:44
537,C,2020-03-23 03:32:40
481,B,2020-03-23 14:11:50
975,A,2020-03-24 06:45:22
996,E,2020-03-24 18:07:44
619,D,2020-03-25 02:52:38
104,D,2020-03-25 15:36:39
239,D,2020-03-26 07:45:46
872,F,2020-03-27 05:08:30
54,C,2020-03-27 05:55:54
720,E,2020-03-27 07:03:58
352,D,2020-03-27 16:10:45
847,A,2020-03-28 01:19:18
921,C,2020-03-28 07:27:42
52,D,2020-03-29 12:38:05
588,D,2020-03-29 15:56:27
732,A,2020-03-29 16:12:33
970,C,2020-03-30 08:40:39
630,E,2020-03-30 11:57:53
700,F,2020-03-30 19:18:47
517,D,2020-03-31 11:57:55
740,B,2020-03-31 17:54:44
774,B,2020-04-01 15:19:51
97,D,2020-04-01 18:11:59
952,B,2020-04-01 18:17:18
861,C,2020-04-01 21:15:58
909,E,2020-04-02 01:07:04
918,D,2020-04-02 07:56:11
471,C,2020-04-02 18:18:47
570,D,2020-04-02 19:29:58
493,D,2020-04-02 19:43:05
648,A,2020-04-03 12:35:05
479,C,2020-04-03 14:23:59
755,B,2020-04-03 20:16:23
147,D,2020-04-03 20:34:59
578,D,2020-04-04 07:43:58
662,E,2020-04-04 07:49:35
402,C,2020-04-04 10:17:39
938,B,2020-04-04 23:38:33
481,C,2020-04-05 03:02:41
940,D,2020-04-05 04:06:00
324,C,2020-04-05 11:48:11
762,D,2020-04-05 19:57:19
487,C,2020-04-05 21:38:36
748,C,2020-04-06 10:49:25
222,D,2020-04-06 11:37:36
835,B,2020-04-06 16:10:11
539,D,2020-04-06 16:46:01
899,F,2020-04-07 07:16:07
489,C,2020-04-07 17:10:55
84,C,2020-04-09 00:47:46
863,C,2020-04-09 01:42:57
910,F,2020-04-09 02:50:27
434,D,2020-04-09 12:39:35
27,D,2020-04-09 15:39:23
754,E,2020-04-10 07:28:10
908,F,2020-04-10 15:55:03
907,C,2020-04-10 20:10:17
328,D,2020-04-12 07:14:29
580,D,2020-04-12 13:00:50
769,C,2020-04-12 18:09:55
462,D,2020-04-13 05:47:29
679,B,2020-04-13 09:16:58
470,D,2020-04-13 13:13:13
790,E,2020-04-14 03:18:59
706,C,2020-04-14 14:31:19
845,E,2020-04-14 23:47:29
50,C,2020-04-15 13:03:45
568,B,2020-04-15 18:11:43
50,D,2020-04-16 05:39:33
694,D,2020-04-16 12:24:26
679,E,2020-04-16 19:18:57
823,D,2020-04-17 06:59:40
643,A,2020-04-17 11:18:59
371,C,2020-04-17 17:44:10
556,D,2020-04-18 10:39:01
640,F,2020-04-18 11:02:49
565,C,2020-04-18 12:09:59
676,E,2020-04-18 14:50:14
856,B,2020-04-19 15:58:33
702,D,2020-04-19 23:51:04
557,D,2020-04-20 14:05:24
363,B,2020-04-20 19:54:15
548,C,2020-04-21 05:58:29
423,D,2020-04-22 16:19:35
812,A,2020-04-23 05:04:47
931,E,2020-04-24 17:46:13
919,F,2020-04-24 19:47:40
197,D,2020-04-25 01:51:30
977,F,2020-04-25 03:44:05
689,C,2020-04-25 14:23:07
867,B,2020-04-25 15:41:01
61,D,2020-04-25 18:13:18
528,D,2020-04-25 23:07:22
746,B,2020-04-26 02:33:36
934,C,2020-04-27 00:08:35
99,C,2020-04-27 05:46:53
709,D,2020-04-27 07:51:15
913,C,2020-04-27 13:18:50
874,A,2020-04-28 11:50:44
457,C,2020-04-28 16:04:37
362,D,2020-04-29 03:37:58
203,D,2020-04-29 14:09:43
996,D,2020-04-29 15:59:00
158,D,2020-04-29 16:16:28
31,C,2020-04-29 18:56:13
295,C,2020-04-29 22:18:53
283,D,2020-04-30 03:15:08
382,C,2020-04-30 18:18:17
610,F,2020-05-01 06:10:51
765,C,2020-05-02 07:42:43
697,B,2020-05-02 15:44:32
555,D,2020-05-02 15:59:28
109,D,2020-05-03 00:33:37
535,C,2020-05-03 03:24:43
572,D,2020-05-03 06:41:02
242,D,2020-05-03 06:59:36
953,D,2020-05-03 11:32:05
565,D,2020-05-03 16:27:03
897,A,2020-05-04 01:11:48
886,B,2020-05-04 02:21:43
958,C,2020-05-04 11:27:16
139,D,2020-05-04 11:46:11
728,F,2020-05-04 18:39:50
670,C,2020-05-04 20:48:23
479,D,2020-05-04 23:14:44
561,D,2020-05-05 08:23:02
912,C,2020-05-05 17:06:10
459,D,2020-05-06 12:34:32
428,D,2020-05-06 14:44:08
206,C,2020-05-06 20:55:21
816,D,2020-05-06 22:49:48
117,D,2020-05-07 00:16:40
639,E,2020-05-07 01:20:58
170,D,2020-05-07 04:01:24
774,A,2020-05-07 13:21:30
840,A,2020-05-07 15:17:34
808,B,2020-05-08 04:33:48
706,B,2020-05-08 10:33:49
548,D,2020-05-08 12:05:03
446,D,2020-05-08 15:08:01
680,F,2020-05-09 11:53:56
501,C,2020-05-10 05:22:58
881,D,2020-05-10 08:55:49
167,D,2020-05-10 17:06:22
391,D,2020-05-10 19:35:22
596,D,2020-05-11 19:37:16
68,C,2020-05-11 21:44:40
901,F,2020-05-12 11:56:01
754,B,2020-05-12 13:45:17
456,C,2020-05-12 22:34:25
380,D,2020-05-13 05:19:49
998,A,2020-05-13 18:25:20
672,B,2020-05-14 08:45:43
145,D,2020-05-14 09:45:26
717,E,2020-05-14 16:23:27
902,E,2020-05-14 16:26:23
774,D,2020-05-15 02:17:10
734,A,2020-05-15 04:45:10
936,B,2020-05-16 02:06:05
852,B,2020-05-16 04:28:16
891,C,2020-05-16 22:41:43
951,A,2020-05-16 22:48:40
270,D,2020-05-17 02:18:57
855,C,2020-05-17 08:01:11
43,B,2020-05-17 21:26:15
228,D,2020-05-18 08:38:00
10,D,2020-05-19 14:01:23
54,D,2020-05-19 18:12:14
715,F,2020-05-20 00:20:45
30,D,2020-05-20 20:41:11
875,F,2020-05-21 03:08:15
941,D,2020-05-22 00:23:31
107,D,2020-05-22 06:45:36
741,F,2020-05-24 06:35:36
610,D,2020-05-24 07:43:33
159,D,2020-05-24 21:05:52
644,F,2020-05-25 22:38:27
257,D,2020-05-26 05:47:46
988,E,2020-05-26 07:53:32
250,D,2020-05-26 21:03:16
134,D,2020-05-27 00:23:37
510,D,2020-05-27 02:31:11
662,B,2020-05-28 18:26:35
160,C,2020-05-29 13:59:22
587,D,2020-05-30 00:02:20
473,C,2020-05-30 01:31:38
477,C,2020-05-30 04:08:22
546,B,2020-05-30 04:47:37
579,D,2020-05-30 05:24:55
904,C,2020-05-31 11:43:02
360,C,2020-05-31 14:12:21
858,E,2020-06-01 20:00:33
736,B,2020-06-02 02:37:17
755,A,2020-06-02 02:38:57
763,B,2020-06-02 07:57:52
884,D,2020-06-02 09:39:57
705,B,2020-06-02 15:44:12
568,C,2020-06-02 17:42:46
883,B,2020-06-03 01:53:02
476,D,2020-06-03 12:53:51
837,A,2020-06-03 16:20:07
41,D,2020-06-03 21:26:04
49,D,2020-06-03 21:43:17
500,D,2020-06-04 02:33:33
851,B,2020-06-04 14:29:38
673,E,2020-06-04 14:42:56
777,B,2020-06-05 23:19:59
60,D,2020-06-06 03:17:02
676,E,2020-06-06 06:01:39
438,C,2020-06-06 14:04:29
944,C,2020-06-07 06:01:39
748,C,2020-06-07 22:12:29
181,C,2020-06-08 03:39:47
120,C,2020-06-08 09:03:11
308,D,2020-06-09 14:56:32
169,C,2020-06-09 21:16:51
663,D,2020-06-10 04:36:59
261,D,2020-06-10 11:53:53
638,C,2020-06-10 12:40:38
80,D,2020-06-10 23:49:28
647,B,2020-06-11 04:49:10
233,C,2020-06-11 10:01:47
803,A,2020-06-11 13:50:47
996,C,2020-06-12 02:49:22
93,C,2020-06-12 08:24:05
511,D,2020-06-12 20:44:01
531,D,2020-06-13 06:50:20
780,E,2020-06-13 07:04:14
496,D,2020-06-14 02:47:30
986,F,2020-06-14 11:35:48
177,D,2020-06-14 13:53:18
129,D,2020-06-14 15:31:12
607,F,2020-06-14 23:47:51
835,A,2020-06-15 00:24:33
230,D,2020-06-15 07:46:11
779,D,2020-06-15 10:13:12
934,B,2020-06-15 11:56:45
483,D,2020-06-15 19:36:58
583,D,2020-06-16 02:11:08
730,F,2020-06-16 03:07:41
824,D,2020-06-16 11:45:43
907,C,2020-06-16 12:43:54
448,D,2020-06-16 13:35:38
99,D,2020-06-17 05:19:51
199,C,2020-06-17 12:04:33
407,D,2020-06-17 14:16:18
225,D,2020-06-17 17:54:00
90,C,2020-06-17 18:22:05
908,A,2020-06-18 02:43:16
240,D,2020-06-18 08:07:56
497,D,2020-06-18 11:51:23
868,A,2020-06-18 12:08:16
948,D,2020-06-18 13:10:24
38,D,2020-06-18 20:51:01
619,E,2020-06-18 21:53:37
373,D,2020-06-19 04:39:01
735,D,2020-06-19 12:27:43
858,D,2020-06-20 03:20:15
15,D,2020-06-21 01:03:13
298,D,2020-06-21 01:28:18
764,F,2020-06-22 08:08:31
300,C,2020-06-22 12:52:21
793,A,2020-06-23 06:12:44
701,A,2020-06-23 07:30:25
618,D,2020-06-23 11:06:10
859,C,2020-06-23 16:03:14
174,D,2020-06-23 22:36:03
905,E,2020-06-24 05:09:19
309,C,2020-06-24 16:36:15
443,C,2020-06-25 20:25:05
884,B,2020-06-26 04:56:21
103,C,2020-06-26 06:46:45
782,C,2020-06-26 17:19:23
323,C,2020-06-27 02:55:51
713,E,2020-06-27 03:53:23
160,D,2020-06-27 10:45:44
224,D,2020-06-27 16:01:59
163,D,2020-06-28 07:18:39
137,C,2020-06-28 15:19:06
414,D,2020-06-28 23:23:43
245,D,2020-06-30 07:20:10
732,A,2020-06-30 15:33:47
1000,F,2020-06-30 17:00:41
17,C,2020-06-30 18:32:09
420,C,2020-07-01 00:44:58
586,D,2020-07-01 00:56:46
29,D,2020-07-01 05:45:31
982,F,2020-07-01 18:23:19
74,D,2020-07-01 21:30:35
332,D,2020-07-02 18:59:58
425,C,2020-07-02 20:21:52
592,D,2020-07-03 20:30:58
771,D,2020-07-04 09:04:09
932,C,2020-07-05 03:00:23
982,F,2020-07-05 08:36:30
955,C,2020-07-05 21:18:26
979,A,2020-07-06 03:37:09
401,C,2020-07-06 08:04:37
207,D,2020-07-06 13:57:12
702,C,2020-07-06 14:44:06
971,F,2020-07-07 05:38:53
779,A,2020-07-07 14:23:49
569,D,2020-07-07 14:48:47
959,B,2020-07-07 15:27:18
388,D,2020-07-07 19:49:38
133,D,2020-07-07 20:24:04
28,D,2020-07-08 07:36:16
474,D,2020-07-08 07:39:06
624,D,2020-07-09 16:55:45
805,E,2020-07-09 19:26:31
105,C,2020-07-10 00:42:45
876,B,2020-07-10 09:05:57
860,A,2020-07-10 10:21:42
614,E,2020-07-10 11:55:10
622,D,2020-07-10 12:28:42
185,D,2020-07-10 13:52:27
91,D,2020-07-10 18:06:31
110,B,2020-07-10 19:38:29
229,D,2020-07-11 12:24:54
304,C,2020-07-11 23:17:36
566,D,2020-07-12 07:52:47
390,C,2020-07-12 09:58:00
958,C,2020-07-13 02:20:31
449,D,2020-07-13 03:35:52
265,D,2020-07-14 04:47:28
441,B,2020-07-14 10:09:23
206,D,2020-07-14 13:28:31
252,D,2020-07-14 17:01:29
79,D,2020-07-14 21:05:10
996,A,2020-07-15 02:43:45
17,D,2020-07-16 02:05:18
2,D,2020-07-16 05:20:27
717,D,2020-07-16 07:08:29
755,D,2020-07-16 09:25:43
191,D,2020-07-16 18:23:43
942,E,2020-07-17 05:00:24
950,D,2020-07-18 00:18:59
256,D,2020-07-18 12:48:16
324,D,2020-07-18 16:25:51
852,E,2020-07-18 18:49:48
200,C,2020-07-19 14:24:11
819,F,2020-07-19 18:58:02
532,D,2020-07-19 22:59:21
121,D,2020-07-19 23:26:03
790,A,2020-07-20 05:51:11
223,D,2020-07-20 22:28:43
778,B,2020-07-21 02:20:46
900,C,2020-07-21 07:45:02
374,D,2020-07-21 17:20:16
472,D,2020-07-21 20:02:21
304,D,2020-07-21 22:39:49
530,C,2020-07-22 06:20:33
307,C,2020-07-22 18:22:22
327,D,2020-07-22 18:53:55
200,D,2020-07-23 12:55:27
888,B,2020-07-23 14:11:06
621,D,2020-07-23 19:10:48
730,D,2020-07-23 20:44:23
912,A,2020-07-24 04:18:22
599,C,2020-07-24 08:11:57
210,D,2020-07-25 04:30:33
648,A,2020-07-25 04:35:34
996,C,2020-07-25 16:05:31
480,D,2020-07-26 02:21:36
297,C,2020-07-26 04:03:17
208,D,2020-07-26 05:50:01
918,F,2020-07-26 11:47:23
886,D,2020-07-26 22:47:43
114,D,2020-07-26 23:20:13
213,D,2020-07-27 02:55:23
720,B,2020-07-27 08:25:10
232,D,2020-07-27 19:30:23
620,A,2020-07-28 05:45:19
461,D,2020-07-28 06:41:55
880,A,2020-07-28 09:41:50
873,C,2020-07-28 21:11:36
429,D,2020-07-29 00:03:22
494,C,2020-07-30 11:03:38
810,E,2020-07-30 12:57:25
398,D,2020-07-30 23:15:07
290,D,2020-07-31 15:33:33
536,D,2020-07-31 17:01:21
778,C,2020-08-01 04:21:50
659,B,2020-08-01 09:35:47
617,E,2020-08-01 23:08:40
520,C,2020-08-02 04:17:45
451,D,2020-08-02 09:17:40
136,C,2020-08-02 11:48:02
263,D,2020-08-02 18:29:50
331,C,2020-08-02 19:33:24
186,D,2020-08-03 04:44:33
699,E,2020-08-04 05:32:09
277,D,2020-08-04 06:55:16
785,C,2020-08-04 09:21:59
93,D,2020-08-04 15:20:27
624,F,2020-08-05 01:02:13
945,C,2020-08-05 01:26:56
874,E,2020-08-05 23:16:58
960,F,2020-08-06 06:56:27
187,D,2020-08-06 21:11:41
925,D,2020-08-07 15:27:45
753,D,2020-08-07 16:34:49
709,D,2020-08-07 18:14:52
14,D,2020-08-07 21:33:01
406,C,2020-08-09 04:28:31
606,F,2020-08-09 06:29:08
885,E,2020-08-09 06:31:21
221,D,2020-08-09 14:30:19
489,D,2020-08-09 18:28:11
382,D,2020-08-10 07:20:08
787,B,2020-08-10 08:19:23
669,E,2020-08-10 12:58:28
870,A,2020-08-10 16:40:06
720,F,2020-08-10 18:05:16
593,D,2020-08-10 21:07:06
505,D,2020-08-10 22:46:48
969,D,2020-08-11 19:09:08
664,A,2020-08-12 01:28:01
161,C,2020-08-12 03:40:58
821,E,2020-08-12 08:18:19
571,C,2020-08-12 13:37:21
771,D,2020-08-12 15:30:02
949,B,2020-08-12 17:03:37
950,A,2020-08-12 23:47:25
738,F,2020-08-13 02:53:27
739,B,2020-08-14 02:43:23
804,D,2020-08-14 07:56:42
309,D,2020-08-14 11:00:00
377,D,2020-08-15 16:02:49
259,D,2020-08-15 20:23:43
698,F,2020-08-16 16:56:13
437,D,2020-08-16 20:14:39
103,D,2020-08-16 20:15:50
499,D,2020-08-17 06:15:04
992,C,2020-08-17 22:10:14
962,A,2020-08-18 02:09:27
18,D,2020-08-18 08:59:00
959,F,2020-08-19 05:53:45
760,B,2020-08-19 11:52:14
320,D,2020-08-19 14:08:09
360,D,2020-08-20 05:11:06
811,C,2020-08-20 19:29:49
44,D,2020-08-20 21:34:34
303,D,2020-08-21 00:13:41
746,B,2020-08-21 16:29:34
545,D,2020-08-22 00:11:02
43,C,2020-08-22 00:18:30
674,A,2020-08-22 18:57:11
438,D,2020-08-22 21:55:40
182,C,2020-08-23 00:50:53
363,C,2020-08-23 19:39:36
623,F,2020-08-24 02:49:59
534,D,2020-08-24 16:37:49
23,C,2020-08-25 00:07:34
26,C,2020-08-25 01:57:46
181,D,2020-08-25 14:13:25
773,E,2020-08-26 02:17:38
811,A,2020-08-26 04:31:14
665,C,2020-08-26 20:04:58
457,D,2020-08-27 16:01:47
315,D,2020-08-28 04:04:24
404,C,2020-08-28 10:16:33
725,F,2020-08-28 11:21:49
966,D,2020-08-28 12:19:15
211,D,2020-08-28 16:09:19
110,C,2020-08-29 08:02:43
67,C,2020-08-29 19:47:10
243,D,2020-08-30 00:15:04
740,F,2020-08-30 06:07:54
330,D,2020-08-31 03:08:49
549,D,2020-08-31 08:34:47
295,D,2020-08-31 10:17:39
235,D,2020-09-01 07:25:39
769,F,2020-09-01 10:05:14
23,D,2020-09-01 10:40:37
575,B,2020-09-02 21:21:08
767,A,2020-09-03 08:02:36
195,D,2020-09-04 09:54:10
786,D,2020-09-04 16:38:11
269,D,2020-09-04 21:28:54
743,B,2020-09-04 22:27:25
389,D,2020-09-05 04:19:19
796,A,2020-09-05 07:14:12
749,A,2020-09-05 12:52:55
127,D,2020-09-05 23:30:03
333,C,2020-09-06 03:34:01
766,E,2020-09-06 03:41:13
792,F,2020-09-06 05:42:26
322,D,2020-09-06 08:08:07
490,D,2020-09-06 09:56:43
335,B,2020-09-06 11:08:07
310,D,2020-09-06 23:19:29
415,D,2020-09-09 06:33:48
426,C,2020-09-09 07:23:06
568,D,2020-09-09 13:44:20
962,D,2020-09-09 18:41:09
724,B,2020-09-10 02:41:49
563,D,2020-09-11 14:44:13
771,F,2020-09-11 19:00:12
512,D,2020-09-12 05:36:48
708,D,2020-09-12 07:00:07
864,E,2020-09-12 07:26:43
939,B,2020-09-12 21:36:05
467,D,2020-09-12 22:43:27
576,D,2020-09-13 14:47:36
827,C,2020-09-13 15:10:39
138,D,2020-09-13 17:05:56
108,D,2020-09-13 18:17:25
635,A,2020-09-15 12:26:18
855,F,2020-09-15 19:30:11
551,D,2020-09-16 13:40:35
86,D,2020-09-16 17:10:54
954,B,2020-09-16 18:18:30
390,D,2020-09-17 00:04:58
752,A,2020-09-17 00:05:02
350,D,2020-09-17 11:37:12
321,D,2020-09-17 14:47:54
71,D,2020-09-17 17:05:08
347,D,2020-09-17 21:49:34
834,D,2020-09-18 06:19:36
194,C,2020-09-18 19:25:13
671,E,2020-09-19 07:02:29
267,D,2020-09-19 10:32:52
100,D,2020-09-19 12:02:29
45,C,2020-09-19 12:19:25
703,A,2020-09-19 12:47:02
585,C,2020-09-19 16:23:11
707,B,2020-09-19 17:26:28
136,D,2020-09-19 17:34:04
715,B,2020-09-20 04:37:28
624,A,2020-09-20 05:57:22
439,D,2020-09-20 08:11:21
977,F,2020-09-20 13:45:15
980,C,2020-09-20 18:26:49
537,D,2020-09-20 19:29:18
481,D,2020-09-20 19:37:13
68,D,2020-09-21 02:25:16
753,C,2020-09-21 14:43:27
795,A,2020-09-21 18:12:27
278,D,2020-09-22 00:45:12
546,C,2020-09-23 01:44:40
413,D,2020-09-23 06:21:03
696,C,2020-09-24 02:47:56
612,D,2020-09-24 04:22:47
736,D,2020-09-24 06:25:25
689,F,2020-09-24 12:52:30
120,D,2020-09-25 19:14:01
335,C,2020-09-26 01:52:14
763,B,2020-09-26 02:26:44
772,E,2020-09-26 06:30:05
468,D,2020-09-26 10:21:32
300,D,2020-09-27 01:06:21
336,D,2020-09-27 10:02:56
106,D,2020-09-27 22:55:43
45,D,2020-09-28 03:55:00
31,D,2020-09-28 06:43:33
929,B,2020-09-28 06:52:03
351,D,2020-09-28 13:10:07
693,B,2020-09-28 13:44:23
535,D,2020-09-28 16:07:23
731,B,2020-09-28 17:33:32
917,C,2020-09-28 18:11:01
520,D,2020-09-29 00:04:18
951,D,2020-09-29 02:15:17
602,F,2020-09-29 12:32:44
83,D,2020-10-01 01:24:58
506,C,2020-10-01 10:42:50
984,B,2020-10-01 19:24:50
90,D,2020-10-02 04:51:44
201,D,2020-10-02 13:49:43
708,D,2020-10-02 22:40:17
918,D,2020-10-03 01:40:21
639,B,2020-10-03 03:23:06
656,F,2020-10-03 12:39:00
690,A,2020-10-04 16:34:17
251,D,2020-10-05 06:21:00
182,D,2020-10-05 18:04:02
804,B,2020-10-06 00:03:36
87,D,2020-10-06 02:23:18
783,E,2020-10-06 11:28:54
871,A,2020-10-06 13:09:53
642,E,2020-10-07 03:56:16
199,D,2020-10-07 11:04:58
942,D,2020-10-08 04:36:07
441,C,2020-10-08 07:22:30
412,D,2020-10-08 11:58:29
307,D,2020-10-08 12:16:42
366,D,2020-10-08 23:11:21
684,F,2020-10-09 03:55:48
20,D,2020-10-09 12:13:32
286,D,2020-10-09 13:22:31
424,D,2020-10-09 20:20:22
902,F,2020-10-09 22:27:16
584,D,2020-10-10 02:42:55
363,D,2020-10-11 00:38:13
726,F,2020-10-11 03:07:21
65,C,2020-10-11 03:29:29
546,D,2020-10-11 06:10:37
654,F,2020-10-11 21:06:54
69,D,2020-10-11 22:19:51
487,D,2020-10-11 22:34:34
647,C,2020-10-12 05:44:52
636,B,2020-10-12 13:35:41
144,C,2020-10-12 16:43:32
371,D,2020-10-12 22:33:54
475,D,2020-10-12 22:40:45
935,B,2020-10-13 01:17:53
626,B,2020-10-13 09:18:23
959,E,2020-10-13 16:01:12
779,D,2020-10-14 03:10:17
266,D,2020-10-15 00:55:47
486,D,2020-10-15 05:54:40
381,D,2020-10-15 13:00:38
35,D,2020-10-15 14:26:08
731,F,2020-10-16 10:02:57
331,D,2020-10-16 14:44:50
965,F,2020-10-16 20:58:40
844,D,2020-10-16 23:46:58
997,A,2020-10-17 07:04:12
514,D,2020-10-17 13:59:26
63,D,2020-10-17 18:59:02
850,E,2020-10-17 19:36:11
873,D,2020-10-18 00:17:33
651,E,2020-10-18 01:42:36
219,C,2020-10-18 06:44:24
826,D,2020-10-18 07:28:00
173,D,2020-10-18 23:26:12
575,C,2020-10-19 10:18:59
130,D,2020-10-19 12:54:31
807,C,2020-10-20 12:42:30
354,D,2020-10-20 18:00:44
822,B,2020-10-21 12:26:59
924,C,2020-10-21 20:42:08
920,A,2020-10-23 04:36:15
713,D,2020-10-23 05:00:49
179,D,2020-10-23 21:23:26
292,D,2020-10-23 23:33:25
137,D,2020-10-24 05:24:23
656,F,2020-10-24 07:14:56
892,C,2020-10-24 08:26:51
917,B,2020-10-24 08:36:29
594,D,2020-10-24 18:39:04
928,B,2020-10-25 14:54:33
879,E,2020-10-26 00:35:37
112,D,2020-10-26 05:46:16
974,C,2020-10-26 20:57:43
329,D,2020-10-26 21:49:55
736,E,2020-10-27 00:57:10
981,E,2020-10-27 01:04:16
621,A,2020-10-27 05:28:08
878,E,2020-10-27 05:46:31
473,D,2020-10-27 07:03:53
769,E,2020-10-27 15:31:23
936,F,2020-10-27 23:41:02
26,D,2020-10-28 01:18:59
527,D,2020-10-28 01:42:44
695,D,2020-10-28 03:55:56
543,D,2020-10-28 15:22:30
622,D,2020-10-28 18:21:58
152,D,2020-10-28 20:52:28
21,C,2020-10-29 11:30:53
922,A,2020-10-29 11:33:09
723,D,2020-10-29 13:23:36
866,B,2020-10-30 06:19:08
105,D,2020-10-31 12:11:01
507,D,2020-11-01 11:41:17
502,D,2020-11-01 17:03:28
140,D,2020-11-03 06:23:33
737,A,2020-11-03 11:23:52
333,D,2020-11-03 14:14:43
606,A,2020-11-04 00:17:36
67,D,2020-11-04 07:31:15
900,D,2020-11-04 13:00:49
154,D,2020-11-05 14:53:50
217,D,2020-11-05 16:54:25
436,D,2020-11-05 22:38:31
999,D,2020-11-06 03:45:11
937,E,2020-11-06 07:33:00
4,D,2020-11-06 12:17:09
640,E,2020-11-06 16:08:02
652,A,2020-11-06 22:01:52
1000,A,2020-11-07 06:43:33
204,D,2020-11-07 19:15:51
305,D,2020-11-08 04:14:01
441,D,2020-11-08 14:33:38
141,D,2020-11-08 14:53:10
846,A,2020-11-08 16:25:42
427,D,2020-11-08 20:10:23
443,D,2020-11-08 22:18:21
847,B,2020-11-09 04:02:18
854,E,2020-11-09 06:22:26
485,D,2020-11-09 07:45:15
806,F,2020-11-09 09:20:38
272,D,2020-11-09 17:19:19
494,D,2020-11-09 22:47:02
928,C,2020-11-10 04:11:45
647,C,2020-11-10 04:17:24
819,D,2020-11-10 08:44:51
297,D,2020-11-12 04:04:15
559,D,2020-11-12 17:52:51
599,D,2020-11-12 23:33:06
102,C,2020-11-13 16:52:30
418,D,2020-11-13 19:27:10
685,A,2020-11-15 10:02:25
589,D,2020-11-16 11:26:06
6,D,2020-11-16 12:42:13
682,A,2020-11-16 15:36:24
51,D,2020-11-17 03:14:01
417,D,2020-11-17 04:25:21
956,D,2020-11-17 19:19:42
632,D,2020-11-18 01:17:03
421,D,2020-11-18 03:23:17
384,D,2020-11-18 07:55:15
358,D,2020-11-18 09:12:38
58,D,2020-11-20 00:12:56
233,D,2020-11-20 08:15:42
477,D,2020-11-20 17:10:01
458,D,2020-11-20 23:08:57
268,D,2020-11-21 00:17:43
722,D,2020-11-21 10:33:28
601,C,2020-11-21 10:42:25
869,E,2020-11-21 13:59:54
403,D,2020-11-21 20:01:24
335,D,2020-11-22 06:24:19
124,D,2020-11-22 07:42:57
664,A,2020-11-22 09:23:11
401,D,2020-11-22 18:44:38
828,B,2020-11-23 01:00:00
287,D,2020-11-23 03:13:11
445,D,2020-11-23 03:52:02
65,D,2020-11-23 06:38:11
871,C,2020-11-23 08:36:05
151,D,2020-11-23 19:39:26
585,D,2020-11-24 03:38:37
447,D,2020-11-24 06:48:37
669,F,2020-11-24 08:35:02
766,C,2020-11-24 22:08:17
538,D,2020-11-25 00:24:35
912,C,2020-11-25 01:27:21
404,D,2020-11-25 06:35:22
408,D,2020-11-25 09:06:09
610,D,2020-11-25 20:36:41
560,D,2020-11-26 09:55:44
611,F,2020-11-26 10:57:36
842,C,2020-11-26 11:50:43
501,D,2020-11-26 23:27:56
118,D,2020-11-27 05:49:07
978,A,2020-11-27 09:28:58
969,E,2020-11-27 13:25:22
402,D,2020-11-27 14:36:23
64,D,2020-11-27 14:40:45
425,D,2020-11-27 17:38:48
212,C,2020-11-27 20:52:38
57,D,2020-11-28 00:11:18
530,D,2020-11-28 11:00:42
618,C,2020-11-29 16:50:39
653,E,2020-11-29 22:52:33
219,D,2020-11-30 00:01:47
654,B,2020-11-30 03:45:56
166,D,2020-11-30 07:27:09
607,D,2020-11-30 22:33:52
617,B,2020-11-30 22:38:42
873,E,2020-12-01 03:04:19
12,D,2020-12-01 16:26:36
794,D,2020-12-01 18:06:07
763,E,2020-12-01 18:58:22
781,D,2020-12-02 02:27:13
395,D,2020-12-02 03:08:25
161,D,2020-12-02 08:00:18
839,D,2020-12-03 01:23:23
55,D,2020-12-03 19:28:56
281,D,2020-12-04 04:08:52
115,D,2020-12-04 05:33:22
183,D,2020-12-04 05:53:54
98,D,2020-12-05 15:29:59
926,A,2020-12-05 17:09:03
770,E,2020-12-05 22:00:54
212,D,2020-12-06 11:50:10
701,E,2020-12-06 12:41:31
982,C,2020-12-06 13:12:36
882,B,2020-12-06 18:55:34
148,D,2020-12-07 00:18:45
911,B,2020-12-07 11:59:52
891,E,2020-12-07 12:38:45
406,D,2020-12-07 16:34:34
216,D,2020-12-07 21:16:47
571,D,2020-12-07 23:13:51
110,D,2020-12-08 08:36:47
422,D,2020-12-08 08:49:09
271,C,2020-12-08 18:15:14
102,D,2020-12-08 18:30:19
909,D,2020-12-10 10:20:29
955,D,2020-12-10 15:39:19
53,D,2020-12-10 21:14:45
940,A,2020-12-11 08:22:23
676,B,2020-12-11 17:48:07
471,D,2020-12-11 18:56:39
144,D,2020-12-11 19:39:10
605,B,2020-12-11 21:54:58
194,D,2020-12-12 18:05:54
741,D,2020-12-13 02:55:15
830,A,2020-12-13 03:38:17
420,D,2020-12-13 10:23:33
426,D,2020-12-13 21:21:43
651,B,2020-12-15 00:00:45
43,D,2020-12-15 06:54:28
826,F,2020-12-15 07:44:36
893,F,2020-12-15 18:57:14
165,D,2020-12-16 10:15:34
857,C,2020-12-17 00:06:46
683,D,2020-12-17 03:51:37
747,F,2020-12-17 16:07:59
787,D,2020-12-18 01:18:10
837,B,2020-12-18 02:36:18
491,D,2020-12-18 21:23:48
867,C,2020-12-18 23:27:35
111,D,2020-12-19 02:49:22
365,D,2020-12-19 13:42:08
963,A,2020-12-19 17:10:28
675,C,2020-12-20 09:15:22
575,D,2020-12-20 17:27:14
21,D,2020-12-20 19:14:16
346,D,2020-12-20 21:00:21
926,E,2020-12-20 23:30:38
645,C,2020-12-21 01:31:26
218,D,2020-12-22 11:45:31
790,A,2020-12-22 15:19:46
271,D,2020-12-22 18:32:40
730,B,2020-12-23 04:04:14
812,D,2020-12-23 18:37:40
916,A,2020-12-23 21:35:26
506,D,2020-12-24 00:48:55
860,C,2020-12-24 06:43:43
963,E,2020-12-24 08:17:31
456,D,2020-12-24 22:36:24
577,D,2020-12-25 01:32:48
323,D,2020-12-25 05:03:17
355,D,2020-12-25 07:37:55
841,C,2020-12-25 09:33:24
226,D,2020-12-26 07:49:42
96,D,2020-12-26 11:31:53
84,D,2020-12-27 16:39:55
202,D,2020-12-28 16:31:05
727,C,2020-12-28 20:43:36
236,D,2020-12-28 21:11:35
198,D,2020-12-28 22:16:19
960,D,2020-12-29 00:27:08
709,D,2020-12-29 21:20:05
76,D,2020-12-30 11:27:02
916,E,2020-12-30 13:23:45
95,D,2020-12-30 19:38:57
169,D,2020-12-30 20:10:23
367,D,2020-12-31 07:23:36
523,D,2020-12-31 12:06:38
821,F,2020-12-31 19:38:39
